"","V1","V2"
"1","TM9SF1","VDAC2"
"2","TM9SF1","ZMPSTE24"
"3","TM9SF1","TUBB8"
"4","TM9SF1","UBAC2"
"5","TM9SF1","UTRN"
"6","TM9SF1","ENSG00000212866"
"7","TM9SF1","ENSG00000215727"
"8","TM9SF1","ENSG00000215328"
"9","TM9SF1","INPP5D"
"10","TM9SF1","CLEC4M"
"11","TM9SF1","DNAJB12"
"12","TM9SF1","ATP12A"
"13","TM9SF1","CDK5RAP3"
"14","TM9SF1","FLOT2"
"15","TM9SF1","FOLH1"
"16","TM9SF1","FAAH"
"17","TM9SF1","FAHD1"
"18","TM9SF1","FAM83F"
"19","TM9SF1","FECH"
"20","TM9SF1","IRAK2"
"21","TM9SF1","ITFG3"
"22","TM9SF1","LAMTOR1"
"23","TM9SF1","HSPA1A"
"24","TM9SF1","HSPA1B"
"25","TM9SF1","HSPB1"
"26","TM9SF1","NDUFA10"
"27","TM9SF1","NDUFA9"
"28","TM9SF1","NDUFB4"
"29","TM9SF1","NNT"
"30","TM9SF1","NUCKS1"
"31","TM9SF1","OPA1"
"32","TM9SF1","METTL7A"
"33","TM9SF1","MME"
"34","TM9SF1","MRPL44"
"35","TM9SF1","MRPS25"
"36","TM9SF1","MRVI1"
"37","TM9SF1","MTDH"
"38","TM9SF1","MTHFD1"
"39","TM9SF1","RAP2B"
"40","TM9SF1","SDF4"
"41","TM9SF1","PDIA5"
"42","TM9SF1","POTEH"
"43","TM9SF1","SLC16A1"
"44","TM9SF1","SLC9A3R1"
"45","TM9SF1","TNPO1"
"46","TM9SF1","ENSG00000212860"
"47","TM9SF1","ENSG00000215292"
"48","TM9SF1","KBTBD3"
"49","TM9SF1","ARMC10"
"50","VDAC2","ZMPSTE24"
"51","VDAC2","TUBB8"
"52","VDAC2","UBAC2"
"53","VDAC2","UTRN"
"54","VDAC2","ENSG00000212866"
"55","VDAC2","ENSG00000215727"
"56","VDAC2","ENSG00000215328"
"57","VDAC2","INPP5D"
"58","VDAC2","CLEC4M"
"59","VDAC2","DNAJB12"
"60","VDAC2","ATP12A"
"61","VDAC2","CDK5RAP3"
"62","VDAC2","FLOT2"
"63","VDAC2","FOLH1"
"64","VDAC2","FAAH"
"65","VDAC2","FAHD1"
"66","VDAC2","FAM83F"
"67","VDAC2","FECH"
"68","VDAC2","IRAK2"
"69","VDAC2","ITFG3"
"70","VDAC2","LAMTOR1"
"71","VDAC2","HSPA1A"
"72","VDAC2","HSPA1B"
"73","VDAC2","HSPB1"
"74","VDAC2","NDUFA10"
"75","VDAC2","NDUFA9"
"76","VDAC2","NDUFB4"
"77","VDAC2","NNT"
"78","VDAC2","NUCKS1"
"79","VDAC2","OPA1"
"80","VDAC2","METTL7A"
"81","VDAC2","MME"
"82","VDAC2","MRPL44"
"83","VDAC2","MRPS25"
"84","VDAC2","MRVI1"
"85","VDAC2","MTDH"
"86","VDAC2","MTHFD1"
"87","VDAC2","RAP2B"
"88","VDAC2","SDF4"
"89","VDAC2","PDIA5"
"90","VDAC2","POTEH"
"91","VDAC2","SLC16A1"
"92","VDAC2","SLC9A3R1"
"93","VDAC2","TNPO1"
"94","VDAC2","ENSG00000212860"
"95","VDAC2","ENSG00000215292"
"96","VDAC2","HSPD1"
"97","VDAC2","HSP90AB1"
"98","VDAC2","KBTBD3"
"99","VDAC2","GNAI2"
"100","VDAC2","PHB"
"101","VDAC2","DHRS2"
"102","VDAC2","SERINC3"
"103","VDAC2","ARMC10"
"104","ZMPSTE24","TUBB8"
"105","ZMPSTE24","UBAC2"
"106","ZMPSTE24","UTRN"
"107","ZMPSTE24","ENSG00000212866"
"108","ZMPSTE24","ENSG00000215727"
"109","ZMPSTE24","ENSG00000215328"
"110","ZMPSTE24","INPP5D"
"111","ZMPSTE24","CLEC4M"
"112","ZMPSTE24","DNAJB12"
"113","ZMPSTE24","ATP12A"
"114","ZMPSTE24","CDK5RAP3"
"115","ZMPSTE24","FLOT2"
"116","ZMPSTE24","FOLH1"
"117","ZMPSTE24","FAAH"
"118","ZMPSTE24","FAHD1"
"119","ZMPSTE24","FAM83F"
"120","ZMPSTE24","FECH"
"121","ZMPSTE24","IRAK2"
"122","ZMPSTE24","ITFG3"
"123","ZMPSTE24","LAMTOR1"
"124","ZMPSTE24","HSPA1A"
"125","ZMPSTE24","HSPA1B"
"126","ZMPSTE24","HSPB1"
"127","ZMPSTE24","NDUFA10"
"128","ZMPSTE24","NDUFA9"
"129","ZMPSTE24","NDUFB4"
"130","ZMPSTE24","NNT"
"131","ZMPSTE24","NUCKS1"
"132","ZMPSTE24","OPA1"
"133","ZMPSTE24","METTL7A"
"134","ZMPSTE24","MME"
"135","ZMPSTE24","MRPL44"
"136","ZMPSTE24","MRPS25"
"137","ZMPSTE24","MRVI1"
"138","ZMPSTE24","MTDH"
"139","ZMPSTE24","MTHFD1"
"140","ZMPSTE24","RAP2B"
"141","ZMPSTE24","SDF4"
"142","ZMPSTE24","PDIA5"
"143","ZMPSTE24","POTEH"
"144","ZMPSTE24","SLC16A1"
"145","ZMPSTE24","SLC9A3R1"
"146","ZMPSTE24","TNPO1"
"147","ZMPSTE24","ENSG00000212860"
"148","ZMPSTE24","ENSG00000215292"
"149","ZMPSTE24","CANX"
"150","ZMPSTE24","KBTBD3"
"151","ZMPSTE24","SLC29A3"
"152","ZMPSTE24","ARMC10"
"153","TUBB8","UBAC2"
"154","TUBB8","UTRN"
"155","TUBB8","ENSG00000212866"
"156","TUBB8","ENSG00000215727"
"157","TUBB8","ENSG00000215328"
"158","TUBB8","INPP5D"
"159","TUBB8","CLEC4M"
"160","TUBB8","DNAJB12"
"161","TUBB8","ATP12A"
"162","TUBB8","CDK5RAP3"
"163","TUBB8","FLOT2"
"164","TUBB8","FOLH1"
"165","TUBB8","FAAH"
"166","TUBB8","FAHD1"
"167","TUBB8","FAM83F"
"168","TUBB8","FECH"
"169","TUBB8","IRAK2"
"170","TUBB8","ITFG3"
"171","TUBB8","LAMTOR1"
"172","TUBB8","HSPA1A"
"173","TUBB8","HSPA1B"
"174","TUBB8","HSPB1"
"175","TUBB8","NDUFA10"
"176","TUBB8","NDUFA9"
"177","TUBB8","NDUFB4"
"178","TUBB8","NNT"
"179","TUBB8","NUCKS1"
"180","TUBB8","OPA1"
"181","TUBB8","METTL7A"
"182","TUBB8","MME"
"183","TUBB8","MRPL44"
"184","TUBB8","MRPS25"
"185","TUBB8","MRVI1"
"186","TUBB8","MTDH"
"187","TUBB8","MTHFD1"
"188","TUBB8","RAP2B"
"189","TUBB8","SDF4"
"190","TUBB8","PDIA5"
"191","TUBB8","POTEH"
"192","TUBB8","SLC16A1"
"193","TUBB8","SLC9A3R1"
"194","TUBB8","TNPO1"
"195","TUBB8","ENSG00000212860"
"196","TUBB8","ENSG00000215292"
"197","TUBB8","KBTBD3"
"198","TUBB8","ARMC10"
"199","UBAC2","UTRN"
"200","UBAC2","ENSG00000212866"
"201","UBAC2","ENSG00000215727"
"202","UBAC2","ENSG00000215328"
"203","UBAC2","INPP5D"
"204","UBAC2","CLEC4M"
"205","UBAC2","DNAJB12"
"206","UBAC2","ATP12A"
"207","UBAC2","CDK5RAP3"
"208","UBAC2","FLOT2"
"209","UBAC2","FOLH1"
"210","UBAC2","FAAH"
"211","UBAC2","FAHD1"
"212","UBAC2","FAM83F"
"213","UBAC2","FECH"
"214","UBAC2","IRAK2"
"215","UBAC2","ITFG3"
"216","UBAC2","LAMTOR1"
"217","UBAC2","HSPA1A"
"218","UBAC2","HSPA1B"
"219","UBAC2","HSPB1"
"220","UBAC2","NDUFA10"
"221","UBAC2","NDUFA9"
"222","UBAC2","NDUFB4"
"223","UBAC2","NNT"
"224","UBAC2","NUCKS1"
"225","UBAC2","OPA1"
"226","UBAC2","METTL7A"
"227","UBAC2","MME"
"228","UBAC2","MRPL44"
"229","UBAC2","MRPS25"
"230","UBAC2","MRVI1"
"231","UBAC2","MTDH"
"232","UBAC2","MTHFD1"
"233","UBAC2","RAP2B"
"234","UBAC2","SDF4"
"235","UBAC2","PDIA5"
"236","UBAC2","POTEH"
"237","UBAC2","SLC16A1"
"238","UBAC2","SLC9A3R1"
"239","UBAC2","TNPO1"
"240","UBAC2","ENSG00000212860"
"241","UBAC2","ENSG00000215292"
"242","UBAC2","KBTBD3"
"243","UBAC2","ARMC10"
"244","UTRN","ENSG00000212866"
"245","UTRN","ENSG00000215727"
"246","UTRN","ENSG00000215328"
"247","UTRN","INPP5D"
"248","UTRN","CLEC4M"
"249","UTRN","DNAJB12"
"250","UTRN","ATP12A"
"251","UTRN","CDK5RAP3"
"252","UTRN","FLOT2"
"253","UTRN","FOLH1"
"254","UTRN","FAAH"
"255","UTRN","FAHD1"
"256","UTRN","FAM83F"
"257","UTRN","FECH"
"258","UTRN","IRAK2"
"259","UTRN","ITFG3"
"260","UTRN","LAMTOR1"
"261","UTRN","HSPA1A"
"262","UTRN","HSPA1B"
"263","UTRN","HSPB1"
"264","UTRN","NDUFA10"
"265","UTRN","NDUFA9"
"266","UTRN","NDUFB4"
"267","UTRN","NNT"
"268","UTRN","NUCKS1"
"269","UTRN","OPA1"
"270","UTRN","METTL7A"
"271","UTRN","MME"
"272","UTRN","MRPL44"
"273","UTRN","MRPS25"
"274","UTRN","MRVI1"
"275","UTRN","MTDH"
"276","UTRN","MTHFD1"
"277","UTRN","RAP2B"
"278","UTRN","SDF4"
"279","UTRN","PDIA5"
"280","UTRN","POTEH"
"281","UTRN","SLC16A1"
"282","UTRN","SLC9A3R1"
"283","UTRN","TNPO1"
"284","UTRN","ENSG00000212860"
"285","UTRN","ENSG00000215292"
"286","UTRN","KBTBD3"
"287","UTRN","ARMC10"
"288","ENSG00000212866","ENSG00000215727"
"289","ENSG00000212866","ENSG00000215328"
"290","ENSG00000212866","TJP3"
"291","ENSG00000212866","INPP5D"
"292","ENSG00000212866","CLEC4M"
"293","ENSG00000212866","DNAJB12"
"294","ENSG00000212866","ATP12A"
"295","ENSG00000212866","CDK5RAP3"
"296","ENSG00000212866","FLOT2"
"297","ENSG00000212866","FOLH1"
"298","ENSG00000212866","FAAH"
"299","ENSG00000212866","FAHD1"
"300","ENSG00000212866","FAM83F"
"301","ENSG00000212866","FECH"
"302","ENSG00000212866","IRAK2"
"303","ENSG00000212866","ITFG3"
"304","ENSG00000212866","LAMTOR1"
"305","ENSG00000212866","HSPA1A"
"306","ENSG00000212866","HSPA1B"
"307","ENSG00000212866","HSPB1"
"308","ENSG00000212866","NDUFA10"
"309","ENSG00000212866","NDUFA9"
"310","ENSG00000212866","NDUFB4"
"311","ENSG00000212866","NNT"
"312","ENSG00000212866","NUCKS1"
"313","ENSG00000212866","OPA1"
"314","ENSG00000212866","METTL7A"
"315","ENSG00000212866","MME"
"316","ENSG00000212866","MRPL44"
"317","ENSG00000212866","MRPS25"
"318","ENSG00000212866","MRVI1"
"319","ENSG00000212866","MTDH"
"320","ENSG00000212866","MTHFD1"
"321","ENSG00000212866","RAP2B"
"322","ENSG00000212866","SDF4"
"323","ENSG00000212866","PDIA5"
"324","ENSG00000212866","POTEH"
"325","ENSG00000212866","SLC16A1"
"326","ENSG00000212866","SLC9A3R1"
"327","ENSG00000212866","TNPO1"
"328","ENSG00000212866","ENSG00000212860"
"329","ENSG00000212866","ENSG00000215292"
"330","ENSG00000212866","CAV1"
"331","ENSG00000212866","CAPNS1"
"332","ENSG00000212866","DNAJB1"
"333","ENSG00000212866","HCLS1"
"334","ENSG00000212866","HSPA6"
"335","ENSG00000212866","RCN2"
"336","ENSG00000212866","SEC61A2"
"337","ENSG00000212866","S100A7"
"338","ENSG00000212866","SNX4"
"339","ENSG00000212866","HSPA9"
"340","ENSG00000212866","HSPD1"
"341","ENSG00000212866","CDH1"
"342","ENSG00000212866","CANX"
"343","ENSG00000212866","LRRC59"
"344","ENSG00000212866","FHL2"
"345","ENSG00000212866","PXN"
"346","ENSG00000212866","SLC3A2"
"347","ENSG00000212866","TPM3"
"348","ENSG00000212866","TJP1"
"349","ENSG00000212866","HSP90AB1"
"350","ENSG00000212866","KBTBD3"
"351","ENSG00000212866","CLCA1"
"352","ENSG00000212866","CLINT1"
"353","ENSG00000212866","TCEB1"
"354","ENSG00000212866","GNA11"
"355","ENSG00000212866","EXO1"
"356","ENSG00000212866","TCEB2"
"357","ENSG00000212866","PPP1R15A"
"358","ENSG00000212866","CDYL"
"359","ENSG00000212866","EFNB1"
"360","ENSG00000212866","HIST1H1E"
"361","ENSG00000212866","MOS"
"362","ENSG00000212866","ACADVL"
"363","ENSG00000212866","BCAR3"
"364","ENSG00000212866","ATXN10"
"365","ENSG00000212866","CTNND1"
"366","ENSG00000212866","PEX19"
"367","ENSG00000212866","PKP2"
"368","ENSG00000212866","S100A11"
"369","ENSG00000212866","TBRG4"
"370","ENSG00000212866","TXN"
"371","ENSG00000212866","DHRS7"
"372","ENSG00000212866","DHX36"
"373","ENSG00000212866","PRR5"
"374","ENSG00000212866","WIZ"
"375","ENSG00000212866","EIF4E2"
"376","ENSG00000212866","SLC25A5"
"377","ENSG00000212866","PHLDA1"
"378","ENSG00000212866","KSR1"
"379","ENSG00000212866","TPM3P4"
"380","ENSG00000212866","CRYAB"
"381","ENSG00000212866","GRN"
"382","ENSG00000212866","NOS2"
"383","ENSG00000212866","IARS2"
"384","ENSG00000212866","MDH1"
"385","ENSG00000212866","APOB"
"386","ENSG00000212866","ENSG00000206380"
"387","ENSG00000212866","LGALS4"
"388","ENSG00000212866","ENSG00000206271"
"389","ENSG00000212866","FAT1"
"390","ENSG00000212866","CFTR"
"391","ENSG00000212866","SFXN3"
"392","ENSG00000212866","RYK"
"393","ENSG00000212866","WFS1"
"394","ENSG00000212866","GJA1"
"395","ENSG00000212866","ATXN2L"
"396","ENSG00000212866","CAPRIN1"
"397","ENSG00000212866","C6orf48"
"398","ENSG00000212866","EMD"
"399","ENSG00000212866","THEM6"
"400","ENSG00000212866","NOS3"
"401","ENSG00000212866","HSPBP1"
"402","ENSG00000212866","PSAP"
"403","ENSG00000212866","PTGS2"
"404","ENSG00000212866","BAG3"
"405","ENSG00000212866","MDC1"
"406","ENSG00000212866","TERF2IP"
"407","ENSG00000212866","DNAJB11"
"408","ENSG00000212866","PARN"
"409","ENSG00000212866","MSR1"
"410","ENSG00000212866","FANCC"
"411","ENSG00000212866","C12orf10"
"412","ENSG00000212866","NANS"
"413","ENSG00000212866","OTUD4"
"414","ENSG00000212866","XPNPEP3"
"415","ENSG00000212866","EIF4EBP1"
"416","ENSG00000212866","GNAI2"
"417","ENSG00000212866","ENSG00000206385"
"418","ENSG00000212866","PABPC4"
"419","ENSG00000212866","PHB"
"420","ENSG00000212866","EIF2AK2"
"421","ENSG00000212866","NQO1"
"422","ENSG00000212866","SLC5A1"
"423","ENSG00000212866","ADCY8"
"424","ENSG00000212866","PEX5"
"425","ENSG00000212866","DES"
"426","ENSG00000212866","CTNNA1"
"427","ENSG00000212866","HAX1"
"428","ENSG00000212866","HSPA2"
"429","ENSG00000212866","RAD23A"
"430","ENSG00000212866","TINF2"
"431","ENSG00000212866","ENSG00000215702"
"432","ENSG00000212866","SLC9A3R2"
"433","ENSG00000212866","WSB1"
"434","ENSG00000212866","BAG4"
"435","ENSG00000212866","SOX9"
"436","ENSG00000212866","ZNF322"
"437","ENSG00000212866","TERF2"
"438","ENSG00000212866","TRIM29"
"439","ENSG00000212866","TSSK6"
"440","ENSG00000212866","VPS4A"
"441","ENSG00000212866","FAM120A"
"442","ENSG00000212866","DNAJC3"
"443","ENSG00000212866","CKAP4"
"444","ENSG00000212866","CLTCL1"
"445","ENSG00000212866","ARMC10"
"446","ENSG00000215727","ENSG00000215328"
"447","ENSG00000215727","INPP5D"
"448","ENSG00000215727","CLEC4M"
"449","ENSG00000215727","DNAJB12"
"450","ENSG00000215727","ATP12A"
"451","ENSG00000215727","CDK5RAP3"
"452","ENSG00000215727","FLOT2"
"453","ENSG00000215727","FOLH1"
"454","ENSG00000215727","FAAH"
"455","ENSG00000215727","FAHD1"
"456","ENSG00000215727","FAM83F"
"457","ENSG00000215727","FECH"
"458","ENSG00000215727","IRAK2"
"459","ENSG00000215727","ITFG3"
"460","ENSG00000215727","LAMTOR1"
"461","ENSG00000215727","HSPA1A"
"462","ENSG00000215727","HSPA1B"
"463","ENSG00000215727","HSPB1"
"464","ENSG00000215727","NDUFA10"
"465","ENSG00000215727","NDUFA9"
"466","ENSG00000215727","NNT"
"467","ENSG00000215727","NUCKS1"
"468","ENSG00000215727","OPA1"
"469","ENSG00000215727","METTL7A"
"470","ENSG00000215727","MME"
"471","ENSG00000215727","MRPL44"
"472","ENSG00000215727","MRPS25"
"473","ENSG00000215727","MRVI1"
"474","ENSG00000215727","MTDH"
"475","ENSG00000215727","MTHFD1"
"476","ENSG00000215727","RAP2B"
"477","ENSG00000215727","SDF4"
"478","ENSG00000215727","PDIA5"
"479","ENSG00000215727","POTEH"
"480","ENSG00000215727","SLC16A1"
"481","ENSG00000215727","SLC9A3R1"
"482","ENSG00000215727","TNPO1"
"483","ENSG00000215727","ENSG00000212860"
"484","ENSG00000215727","ENSG00000215292"
"485","ENSG00000215727","KBTBD3"
"486","ENSG00000215727","ARMC10"
"487","ENSG00000215328","TJP3"
"488","ENSG00000215328","INPP5D"
"489","ENSG00000215328","CLEC4M"
"490","ENSG00000215328","DNAJB12"
"491","ENSG00000215328","ATP12A"
"492","ENSG00000215328","CDK5RAP3"
"493","ENSG00000215328","FLOT2"
"494","ENSG00000215328","FOLH1"
"495","ENSG00000215328","FAAH"
"496","ENSG00000215328","FAHD1"
"497","ENSG00000215328","FAM83F"
"498","ENSG00000215328","FECH"
"499","ENSG00000215328","IRAK2"
"500","ENSG00000215328","ITFG3"
"501","ENSG00000215328","LAMTOR1"
"502","ENSG00000215328","HSPA1A"
"503","ENSG00000215328","HSPA1B"
"504","ENSG00000215328","HSPB1"
"505","ENSG00000215328","NDUFA10"
"506","ENSG00000215328","NDUFA9"
"507","ENSG00000215328","NDUFB4"
"508","ENSG00000215328","NNT"
"509","ENSG00000215328","NUCKS1"
"510","ENSG00000215328","OPA1"
"511","ENSG00000215328","METTL7A"
"512","ENSG00000215328","MME"
"513","ENSG00000215328","MRPL44"
"514","ENSG00000215328","MRPS25"
"515","ENSG00000215328","MRVI1"
"516","ENSG00000215328","MTDH"
"517","ENSG00000215328","MTHFD1"
"518","ENSG00000215328","RAP2B"
"519","ENSG00000215328","SDF4"
"520","ENSG00000215328","PDIA5"
"521","ENSG00000215328","POTEH"
"522","ENSG00000215328","SLC16A1"
"523","ENSG00000215328","SLC9A3R1"
"524","ENSG00000215328","TNPO1"
"525","ENSG00000215328","ENSG00000212860"
"526","ENSG00000215328","ENSG00000215292"
"527","ENSG00000215328","CAV1"
"528","ENSG00000215328","CAPNS1"
"529","ENSG00000215328","DNAJB1"
"530","ENSG00000215328","HCLS1"
"531","ENSG00000215328","HSPA6"
"532","ENSG00000215328","RCN2"
"533","ENSG00000215328","SEC61A2"
"534","ENSG00000215328","S100A7"
"535","ENSG00000215328","SNX4"
"536","ENSG00000215328","HSPA9"
"537","ENSG00000215328","HSPD1"
"538","ENSG00000215328","CDH1"
"539","ENSG00000215328","CANX"
"540","ENSG00000215328","LRRC59"
"541","ENSG00000215328","FHL2"
"542","ENSG00000215328","PXN"
"543","ENSG00000215328","SLC3A2"
"544","ENSG00000215328","TPM3"
"545","ENSG00000215328","TJP1"
"546","ENSG00000215328","HSP90AB1"
"547","ENSG00000215328","KBTBD3"
"548","ENSG00000215328","CLCA1"
"549","ENSG00000215328","CLINT1"
"550","ENSG00000215328","TCEB1"
"551","ENSG00000215328","GNA11"
"552","ENSG00000215328","EXO1"
"553","ENSG00000215328","TCEB2"
"554","ENSG00000215328","PPP1R15A"
"555","ENSG00000215328","CDYL"
"556","ENSG00000215328","EFNB1"
"557","ENSG00000215328","HIST1H1E"
"558","ENSG00000215328","MOS"
"559","ENSG00000215328","ACADVL"
"560","ENSG00000215328","BCAR3"
"561","ENSG00000215328","ATXN10"
"562","ENSG00000215328","CTNND1"
"563","ENSG00000215328","PEX19"
"564","ENSG00000215328","PKP2"
"565","ENSG00000215328","S100A11"
"566","ENSG00000215328","TBRG4"
"567","ENSG00000215328","TXN"
"568","ENSG00000215328","DHRS7"
"569","ENSG00000215328","DHX36"
"570","ENSG00000215328","PRR5"
"571","ENSG00000215328","WIZ"
"572","ENSG00000215328","EIF4E2"
"573","ENSG00000215328","SLC25A5"
"574","ENSG00000215328","PHLDA1"
"575","ENSG00000215328","KSR1"
"576","ENSG00000215328","TPM3P4"
"577","ENSG00000215328","GRN"
"578","ENSG00000215328","IARS2"
"579","ENSG00000215328","MDH1"
"580","ENSG00000215328","APOB"
"581","ENSG00000215328","ENSG00000206380"
"582","ENSG00000215328","LGALS4"
"583","ENSG00000215328","ENSG00000206271"
"584","ENSG00000215328","FAT1"
"585","ENSG00000215328","CFTR"
"586","ENSG00000215328","SFXN3"
"587","ENSG00000215328","RYK"
"588","ENSG00000215328","WFS1"
"589","ENSG00000215328","ATXN2L"
"590","ENSG00000215328","CAPRIN1"
"591","ENSG00000215328","C6orf48"
"592","ENSG00000215328","EMD"
"593","ENSG00000215328","THEM6"
"594","ENSG00000215328","HSPBP1"
"595","ENSG00000215328","PSAP"
"596","ENSG00000215328","BAG3"
"597","ENSG00000215328","MDC1"
"598","ENSG00000215328","TERF2IP"
"599","ENSG00000215328","DNAJB11"
"600","ENSG00000215328","PARN"
"601","ENSG00000215328","MSR1"
"602","ENSG00000215328","FANCC"
"603","ENSG00000215328","C12orf10"
"604","ENSG00000215328","NANS"
"605","ENSG00000215328","OTUD4"
"606","ENSG00000215328","XPNPEP3"
"607","ENSG00000215328","EIF4EBP1"
"608","ENSG00000215328","GNAI2"
"609","ENSG00000215328","ENSG00000206385"
"610","ENSG00000215328","PABPC4"
"611","ENSG00000215328","EIF2AK2"
"612","ENSG00000215328","NQO1"
"613","ENSG00000215328","SLC5A1"
"614","ENSG00000215328","ADCY8"
"615","ENSG00000215328","PEX5"
"616","ENSG00000215328","CTNNA1"
"617","ENSG00000215328","HAX1"
"618","ENSG00000215328","HSPA2"
"619","ENSG00000215328","RAD23A"
"620","ENSG00000215328","TINF2"
"621","ENSG00000215328","ENSG00000215702"
"622","ENSG00000215328","SLC9A3R2"
"623","ENSG00000215328","WSB1"
"624","ENSG00000215328","BAG4"
"625","ENSG00000215328","SOX9"
"626","ENSG00000215328","ZNF322"
"627","ENSG00000215328","TERF2"
"628","ENSG00000215328","TRIM29"
"629","ENSG00000215328","TSSK6"
"630","ENSG00000215328","VPS4A"
"631","ENSG00000215328","FAM120A"
"632","ENSG00000215328","DNAJC3"
"633","ENSG00000215328","CKAP4"
"634","ENSG00000215328","CLTCL1"
"635","ENSG00000215328","ARMC10"
"636","TJP3","HSPA1A"
"637","TJP3","HSPA1B"
"638","TJP3","HSPB1"
"639","TJP3","ENSG00000212860"
"640","TJP3","ENSG00000215292"
"641","TJP3","CAPNS1"
"642","TJP3","HCLS1"
"643","TJP3","HSPA6"
"644","TJP3","HSPA9"
"645","TJP3","CDH1"
"646","TJP3","CANX"
"647","TJP3","TPM3"
"648","TJP3","TJP1"
"649","TJP3","CLCA1"
"650","TJP3","CLINT1"
"651","TJP3","GNA11"
"652","TJP3","EXO1"
"653","TJP3","TCEB2"
"654","TJP3","TPM3P4"
"655","TJP3","GRN"
"656","TJP3","ENSG00000206380"
"657","TJP3","ENSG00000206271"
"658","TJP3","CFTR"
"659","TJP3","RYK"
"660","TJP3","WFS1"
"661","TJP3","C6orf48"
"662","TJP3","PSAP"
"663","TJP3","XPNPEP3"
"664","TJP3","ADCY8"
"665","TJP3","HAX1"
"666","TJP3","WSB1"
"667","TJP3","GJC1"
"668","TJP3","CLTCL1"
"669","INPP5D","CLEC4M"
"670","INPP5D","DNAJB12"
"671","INPP5D","DOK3"
"672","INPP5D","ATP12A"
"673","INPP5D","CDK5RAP3"
"674","INPP5D","FLOT2"
"675","INPP5D","FOLH1"
"676","INPP5D","FAAH"
"677","INPP5D","FAHD1"
"678","INPP5D","FAM83F"
"679","INPP5D","FECH"
"680","INPP5D","IRAK2"
"681","INPP5D","ITFG3"
"682","INPP5D","LAMTOR1"
"683","INPP5D","LILRB4"
"684","INPP5D","HSPA1A"
"685","INPP5D","HSPA1B"
"686","INPP5D","HSPB1"
"687","INPP5D","NDUFA10"
"688","INPP5D","NDUFA9"
"689","INPP5D","NDUFB4"
"690","INPP5D","NNT"
"691","INPP5D","NUCKS1"
"692","INPP5D","OPA1"
"693","INPP5D","METTL7A"
"694","INPP5D","MME"
"695","INPP5D","MRPL44"
"696","INPP5D","MRPS25"
"697","INPP5D","MRVI1"
"698","INPP5D","MTDH"
"699","INPP5D","MTHFD1"
"700","INPP5D","RAP2B"
"701","INPP5D","SDF4"
"702","INPP5D","PDIA5"
"703","INPP5D","POTEH"
"704","INPP5D","SLC16A1"
"705","INPP5D","SLC9A3R1"
"706","INPP5D","TNPO1"
"707","INPP5D","ENSG00000212860"
"708","INPP5D","ENSG00000215292"
"709","INPP5D","KBTBD3"
"710","INPP5D","ARMC10"
"711","CLEC4M","DNAJB12"
"712","CLEC4M","ATP12A"
"713","CLEC4M","CDK5RAP3"
"714","CLEC4M","FLOT2"
"715","CLEC4M","FOLH1"
"716","CLEC4M","FAAH"
"717","CLEC4M","FAHD1"
"718","CLEC4M","FAM83F"
"719","CLEC4M","FECH"
"720","CLEC4M","IRAK2"
"721","CLEC4M","ITFG3"
"722","CLEC4M","LAMTOR1"
"723","CLEC4M","HSPA1A"
"724","CLEC4M","HSPA1B"
"725","CLEC4M","HSPB1"
"726","CLEC4M","NDUFA10"
"727","CLEC4M","NDUFA9"
"728","CLEC4M","NDUFB4"
"729","CLEC4M","NNT"
"730","CLEC4M","NUCKS1"
"731","CLEC4M","OPA1"
"732","CLEC4M","METTL7A"
"733","CLEC4M","MME"
"734","CLEC4M","MRPL44"
"735","CLEC4M","MRPS25"
"736","CLEC4M","MRVI1"
"737","CLEC4M","MTDH"
"738","CLEC4M","MTHFD1"
"739","CLEC4M","RAP2B"
"740","CLEC4M","SDF4"
"741","CLEC4M","PDIA5"
"742","CLEC4M","POTEH"
"743","CLEC4M","SLC16A1"
"744","CLEC4M","SLC9A3R1"
"745","CLEC4M","TNPO1"
"746","CLEC4M","ENSG00000212860"
"747","CLEC4M","ENSG00000215292"
"748","CLEC4M","KBTBD3"
"749","CLEC4M","ARMC10"
"750","DNAJB12","ATP12A"
"751","DNAJB12","CDK5RAP3"
"752","DNAJB12","FLOT2"
"753","DNAJB12","FOLH1"
"754","DNAJB12","FAAH"
"755","DNAJB12","FAHD1"
"756","DNAJB12","FAM83F"
"757","DNAJB12","FECH"
"758","DNAJB12","IRAK2"
"759","DNAJB12","ITFG3"
"760","DNAJB12","LAMTOR1"
"761","DNAJB12","HSPA1A"
"762","DNAJB12","HSPA1B"
"763","DNAJB12","HSPB1"
"764","DNAJB12","NDUFA10"
"765","DNAJB12","NDUFA9"
"766","DNAJB12","NDUFB4"
"767","DNAJB12","NNT"
"768","DNAJB12","NUCKS1"
"769","DNAJB12","OPA1"
"770","DNAJB12","METTL7A"
"771","DNAJB12","MME"
"772","DNAJB12","MRPL44"
"773","DNAJB12","MRPS25"
"774","DNAJB12","MRVI1"
"775","DNAJB12","MTDH"
"776","DNAJB12","MTHFD1"
"777","DNAJB12","RAP2B"
"778","DNAJB12","SDF4"
"779","DNAJB12","PDIA5"
"780","DNAJB12","POTEH"
"781","DNAJB12","SLC16A1"
"782","DNAJB12","SLC9A3R1"
"783","DNAJB12","TNPO1"
"784","DNAJB12","ENSG00000212860"
"785","DNAJB12","ENSG00000215292"
"786","DNAJB12","KBTBD3"
"787","DNAJB12","ARMC10"
"788","ATP12A","CDK5RAP3"
"789","ATP12A","FLOT2"
"790","ATP12A","FOLH1"
"791","ATP12A","FAAH"
"792","ATP12A","FAHD1"
"793","ATP12A","FAM83F"
"794","ATP12A","FECH"
"795","ATP12A","IRAK2"
"796","ATP12A","ITFG3"
"797","ATP12A","LAMTOR1"
"798","ATP12A","HSPA1A"
"799","ATP12A","HSPA1B"
"800","ATP12A","HSPB1"
"801","ATP12A","NDUFA10"
"802","ATP12A","NDUFA9"
"803","ATP12A","NDUFB4"
"804","ATP12A","NNT"
"805","ATP12A","NUCKS1"
"806","ATP12A","OPA1"
"807","ATP12A","METTL7A"
"808","ATP12A","MME"
"809","ATP12A","MRPL44"
"810","ATP12A","MRPS25"
"811","ATP12A","MRVI1"
"812","ATP12A","MTDH"
"813","ATP12A","MTHFD1"
"814","ATP12A","RAP2B"
"815","ATP12A","SDF4"
"816","ATP12A","PDIA5"
"817","ATP12A","POTEH"
"818","ATP12A","SLC16A1"
"819","ATP12A","SLC9A3R1"
"820","ATP12A","TNPO1"
"821","ATP12A","ENSG00000212860"
"822","ATP12A","ENSG00000215292"
"823","ATP12A","KBTBD3"
"824","ATP12A","ARMC10"
"825","CDK5RAP3","FLOT2"
"826","CDK5RAP3","FOLH1"
"827","CDK5RAP3","FAAH"
"828","CDK5RAP3","FAHD1"
"829","CDK5RAP3","FAM83F"
"830","CDK5RAP3","FECH"
"831","CDK5RAP3","IRAK2"
"832","CDK5RAP3","ITFG3"
"833","CDK5RAP3","LAMTOR1"
"834","CDK5RAP3","HSPA1A"
"835","CDK5RAP3","HSPA1B"
"836","CDK5RAP3","HSPB1"
"837","CDK5RAP3","NDUFA10"
"838","CDK5RAP3","NDUFA9"
"839","CDK5RAP3","NDUFB4"
"840","CDK5RAP3","NNT"
"841","CDK5RAP3","NUCKS1"
"842","CDK5RAP3","OPA1"
"843","CDK5RAP3","METTL7A"
"844","CDK5RAP3","MME"
"845","CDK5RAP3","MRPL44"
"846","CDK5RAP3","MRPS25"
"847","CDK5RAP3","MRVI1"
"848","CDK5RAP3","MTDH"
"849","CDK5RAP3","MTHFD1"
"850","CDK5RAP3","RAP2B"
"851","CDK5RAP3","SDF4"
"852","CDK5RAP3","PDIA5"
"853","CDK5RAP3","POTEH"
"854","CDK5RAP3","SLC16A1"
"855","CDK5RAP3","SLC9A3R1"
"856","CDK5RAP3","TNPO1"
"857","CDK5RAP3","ENSG00000212860"
"858","CDK5RAP3","ENSG00000215292"
"859","CDK5RAP3","KBTBD3"
"860","CDK5RAP3","DHX36"
"861","CDK5RAP3","OTUD4"
"862","CDK5RAP3","UFM1"
"863","CDK5RAP3","BANF1"
"864","CDK5RAP3","ARMC10"
"865","FLOT2","FOLH1"
"866","FLOT2","FAAH"
"867","FLOT2","FAHD1"
"868","FLOT2","FAM83F"
"869","FLOT2","FECH"
"870","FLOT2","IRAK2"
"871","FLOT2","ITFG3"
"872","FLOT2","LAMTOR1"
"873","FLOT2","HSPA1A"
"874","FLOT2","HSPA1B"
"875","FLOT2","HSPB1"
"876","FLOT2","NDUFA10"
"877","FLOT2","NDUFA9"
"878","FLOT2","NDUFB4"
"879","FLOT2","NNT"
"880","FLOT2","NUCKS1"
"881","FLOT2","OPA1"
"882","FLOT2","METTL7A"
"883","FLOT2","MME"
"884","FLOT2","MRPL44"
"885","FLOT2","MRPS25"
"886","FLOT2","MRVI1"
"887","FLOT2","MTDH"
"888","FLOT2","MTHFD1"
"889","FLOT2","RAP2B"
"890","FLOT2","SDF4"
"891","FLOT2","PDIA5"
"892","FLOT2","POTEH"
"893","FLOT2","SLC16A1"
"894","FLOT2","SLC9A3R1"
"895","FLOT2","TNPO1"
"896","FLOT2","ENSG00000212860"
"897","FLOT2","ENSG00000215292"
"898","FLOT2","SORBS1"
"899","FLOT2","CAV1"
"900","FLOT2","HCLS1"
"901","FLOT2","SORL1"
"902","FLOT2","HSPA9"
"903","FLOT2","CDH1"
"904","FLOT2","CAV2"
"905","FLOT2","DAB2"
"906","FLOT2","EPS8"
"907","FLOT2","TPM3"
"908","FLOT2","KBTBD3"
"909","FLOT2","CLINT1"
"910","FLOT2","GNA11"
"911","FLOT2","AP1B1"
"912","FLOT2","TPM3P4"
"913","FLOT2","PLD2"
"914","FLOT2","LGALS4"
"915","FLOT2","ATP2A3"
"916","FLOT2","EPCAM"
"917","FLOT2","CFTR"
"918","FLOT2","MS4A5"
"919","FLOT2","MUC13"
"920","FLOT2","MUC2"
"921","FLOT2","IL1RAPL1"
"922","FLOT2","PLEKHA6"
"923","FLOT2","REPS1"
"924","FLOT2","SNX9"
"925","FLOT2","GNAI2"
"926","FLOT2","FLOT1"
"927","FLOT2","ENSG00000206480"
"928","FLOT2","SH3BGRL2"
"929","FLOT2","CLTA"
"930","FLOT2","ARMC10"
"931","FLOT2","CEP170"
"932","FLOT2","ENSG00000206379"
"933","FOLH1","FAAH"
"934","FOLH1","FAHD1"
"935","FOLH1","FAM83F"
"936","FOLH1","FECH"
"937","FOLH1","IRAK2"
"938","FOLH1","ITFG3"
"939","FOLH1","LAMTOR1"
"940","FOLH1","HSPA1A"
"941","FOLH1","HSPA1B"
"942","FOLH1","HSPB1"
"943","FOLH1","NDUFA10"
"944","FOLH1","NDUFA9"
"945","FOLH1","NDUFB4"
"946","FOLH1","NNT"
"947","FOLH1","NUCKS1"
"948","FOLH1","OPA1"
"949","FOLH1","METTL7A"
"950","FOLH1","MME"
"951","FOLH1","MRPL44"
"952","FOLH1","MRPS25"
"953","FOLH1","MRVI1"
"954","FOLH1","MTDH"
"955","FOLH1","MTHFD1"
"956","FOLH1","RAP2B"
"957","FOLH1","SDF4"
"958","FOLH1","PDIA5"
"959","FOLH1","POTEH"
"960","FOLH1","SLC16A1"
"961","FOLH1","SLC9A3R1"
"962","FOLH1","TNPO1"
"963","FOLH1","ENSG00000212860"
"964","FOLH1","ENSG00000215292"
"965","FOLH1","KBTBD3"
"966","FOLH1","ARMC10"
"967","FAAH","FAHD1"
"968","FAAH","FAM83F"
"969","FAAH","FECH"
"970","FAAH","IRAK2"
"971","FAAH","ITFG3"
"972","FAAH","LAMTOR1"
"973","FAAH","HSPA1A"
"974","FAAH","HSPA1B"
"975","FAAH","HSPB1"
"976","FAAH","NDUFA10"
"977","FAAH","NDUFA9"
"978","FAAH","NDUFB4"
"979","FAAH","NNT"
"980","FAAH","NUCKS1"
"981","FAAH","OPA1"
"982","FAAH","METTL7A"
"983","FAAH","MME"
"984","FAAH","MRPL44"
"985","FAAH","MRPS25"
"986","FAAH","MRVI1"
"987","FAAH","MTDH"
"988","FAAH","MTHFD1"
"989","FAAH","RAP2B"
"990","FAAH","SDF4"
"991","FAAH","PDIA5"
"992","FAAH","POTEH"
"993","FAAH","SLC16A1"
"994","FAAH","SLC9A3R1"
"995","FAAH","TNPO1"
"996","FAAH","ENSG00000212860"
"997","FAAH","ENSG00000215292"
"998","FAAH","PXN"
"999","FAAH","KBTBD3"
"1000","FAAH","ARMC10"
"1001","FAHD1","FAM83F"
"1002","FAHD1","FECH"
"1003","FAHD1","IRAK2"
"1004","FAHD1","ITFG3"
"1005","FAHD1","LAMTOR1"
"1006","FAHD1","HSPA1A"
"1007","FAHD1","HSPA1B"
"1008","FAHD1","HSPB1"
"1009","FAHD1","NDUFA10"
"1010","FAHD1","NDUFA9"
"1011","FAHD1","NDUFB4"
"1012","FAHD1","NNT"
"1013","FAHD1","NUCKS1"
"1014","FAHD1","OPA1"
"1015","FAHD1","METTL7A"
"1016","FAHD1","MME"
"1017","FAHD1","MRPL44"
"1018","FAHD1","MRPS25"
"1019","FAHD1","MRVI1"
"1020","FAHD1","MTDH"
"1021","FAHD1","MTHFD1"
"1022","FAHD1","RAP2B"
"1023","FAHD1","SDF4"
"1024","FAHD1","PDIA5"
"1025","FAHD1","POTEH"
"1026","FAHD1","SLC16A1"
"1027","FAHD1","SLC9A3R1"
"1028","FAHD1","TNPO1"
"1029","FAHD1","ENSG00000212860"
"1030","FAHD1","ENSG00000215292"
"1031","FAHD1","KBTBD3"
"1032","FAHD1","ARMC10"
"1033","FAM83F","FECH"
"1034","FAM83F","IRAK2"
"1035","FAM83F","ITFG3"
"1036","FAM83F","LAMTOR1"
"1037","FAM83F","HSPA1A"
"1038","FAM83F","HSPA1B"
"1039","FAM83F","HSPB1"
"1040","FAM83F","NDUFA10"
"1041","FAM83F","NDUFA9"
"1042","FAM83F","NDUFB4"
"1043","FAM83F","NNT"
"1044","FAM83F","NUCKS1"
"1045","FAM83F","OPA1"
"1046","FAM83F","METTL7A"
"1047","FAM83F","MME"
"1048","FAM83F","MRPL44"
"1049","FAM83F","MRPS25"
"1050","FAM83F","MRVI1"
"1051","FAM83F","MTDH"
"1052","FAM83F","MTHFD1"
"1053","FAM83F","RAP2B"
"1054","FAM83F","SDF4"
"1055","FAM83F","PDIA5"
"1056","FAM83F","POTEH"
"1057","FAM83F","SLC16A1"
"1058","FAM83F","SLC9A3R1"
"1059","FAM83F","TNPO1"
"1060","FAM83F","ENSG00000212860"
"1061","FAM83F","ENSG00000215292"
"1062","FAM83F","KBTBD3"
"1063","FAM83F","ARMC10"
"1064","FECH","IRAK2"
"1065","FECH","ITFG3"
"1066","FECH","LAMTOR1"
"1067","FECH","HSPA1A"
"1068","FECH","HSPA1B"
"1069","FECH","HSPB1"
"1070","FECH","NDUFA10"
"1071","FECH","NDUFA9"
"1072","FECH","NDUFB4"
"1073","FECH","NNT"
"1074","FECH","NUCKS1"
"1075","FECH","OPA1"
"1076","FECH","METTL7A"
"1077","FECH","MME"
"1078","FECH","MRPL44"
"1079","FECH","MRPS25"
"1080","FECH","MRVI1"
"1081","FECH","MTDH"
"1082","FECH","MTHFD1"
"1083","FECH","RAP2B"
"1084","FECH","SDF4"
"1085","FECH","PDIA5"
"1086","FECH","POTEH"
"1087","FECH","SLC16A1"
"1088","FECH","SLC9A3R1"
"1089","FECH","TNPO1"
"1090","FECH","ENSG00000212860"
"1091","FECH","ENSG00000215292"
"1092","FECH","KBTBD3"
"1093","FECH","ARMC10"
"1094","IRAK2","ITFG3"
"1095","IRAK2","LAMTOR1"
"1096","IRAK2","HSPA1A"
"1097","IRAK2","HSPA1B"
"1098","IRAK2","HSPB1"
"1099","IRAK2","NDUFA10"
"1100","IRAK2","NDUFA9"
"1101","IRAK2","NDUFB4"
"1102","IRAK2","NNT"
"1103","IRAK2","NUCKS1"
"1104","IRAK2","OPA1"
"1105","IRAK2","METTL7A"
"1106","IRAK2","MME"
"1107","IRAK2","MRPL44"
"1108","IRAK2","MRPS25"
"1109","IRAK2","MRVI1"
"1110","IRAK2","MTDH"
"1111","IRAK2","MTHFD1"
"1112","IRAK2","RAP2B"
"1113","IRAK2","SDF4"
"1114","IRAK2","PDIA5"
"1115","IRAK2","POTEH"
"1116","IRAK2","SLC16A1"
"1117","IRAK2","SLC9A3R1"
"1118","IRAK2","TNPO1"
"1119","IRAK2","ENSG00000212860"
"1120","IRAK2","ENSG00000215292"
"1121","IRAK2","KBTBD3"
"1122","IRAK2","ARMC10"
"1123","ITFG3","LAMTOR1"
"1124","ITFG3","HSPA1A"
"1125","ITFG3","HSPA1B"
"1126","ITFG3","HSPB1"
"1127","ITFG3","NDUFA10"
"1128","ITFG3","NDUFA9"
"1129","ITFG3","NDUFB4"
"1130","ITFG3","NNT"
"1131","ITFG3","NUCKS1"
"1132","ITFG3","OPA1"
"1133","ITFG3","METTL7A"
"1134","ITFG3","MME"
"1135","ITFG3","MRPL44"
"1136","ITFG3","MRPS25"
"1137","ITFG3","MRVI1"
"1138","ITFG3","MTDH"
"1139","ITFG3","MTHFD1"
"1140","ITFG3","RAP2B"
"1141","ITFG3","SDF4"
"1142","ITFG3","PDIA5"
"1143","ITFG3","POTEH"
"1144","ITFG3","SLC16A1"
"1145","ITFG3","SLC9A3R1"
"1146","ITFG3","TNPO1"
"1147","ITFG3","ENSG00000212860"
"1148","ITFG3","ENSG00000215292"
"1149","ITFG3","KBTBD3"
"1150","ITFG3","ARMC10"
"1151","LAMTOR1","HSPA1A"
"1152","LAMTOR1","HSPA1B"
"1153","LAMTOR1","HSPB1"
"1154","LAMTOR1","NDUFA10"
"1155","LAMTOR1","NDUFA9"
"1156","LAMTOR1","NDUFB4"
"1157","LAMTOR1","NNT"
"1158","LAMTOR1","NUCKS1"
"1159","LAMTOR1","OPA1"
"1160","LAMTOR1","METTL7A"
"1161","LAMTOR1","MME"
"1162","LAMTOR1","MRPL44"
"1163","LAMTOR1","MRPS25"
"1164","LAMTOR1","MRVI1"
"1165","LAMTOR1","MTDH"
"1166","LAMTOR1","MTHFD1"
"1167","LAMTOR1","RAP2B"
"1168","LAMTOR1","SDF4"
"1169","LAMTOR1","PDIA5"
"1170","LAMTOR1","POTEH"
"1171","LAMTOR1","SLC16A1"
"1172","LAMTOR1","SLC9A3R1"
"1173","LAMTOR1","TNPO1"
"1174","LAMTOR1","ENSG00000212860"
"1175","LAMTOR1","ENSG00000215292"
"1176","LAMTOR1","KBTBD3"
"1177","LAMTOR1","ARMC10"
"1178","HSPA1A","HSPA1B"
"1179","HSPA1A","HSPB1"
"1180","HSPA1A","NDUFA10"
"1181","HSPA1A","NDUFA9"
"1182","HSPA1A","NDUFB4"
"1183","HSPA1A","NNT"
"1184","HSPA1A","NUCKS1"
"1185","HSPA1A","OPA1"
"1186","HSPA1A","METTL7A"
"1187","HSPA1A","MME"
"1188","HSPA1A","MRPL44"
"1189","HSPA1A","MRPS25"
"1190","HSPA1A","MRVI1"
"1191","HSPA1A","MTDH"
"1192","HSPA1A","MTHFD1"
"1193","HSPA1A","RAP2B"
"1194","HSPA1A","SDF4"
"1195","HSPA1A","PDIA5"
"1196","HSPA1A","POTEH"
"1197","HSPA1A","SLC16A1"
"1198","HSPA1A","SLC9A3R1"
"1199","HSPA1A","TNPO1"
"1200","HSPA1A","ENSG00000212860"
"1201","HSPA1A","ENSG00000215292"
"1202","HSPA1A","CAV1"
"1203","HSPA1A","CAPNS1"
"1204","HSPA1A","DNAJB1"
"1205","HSPA1A","HCLS1"
"1206","HSPA1A","HSPA6"
"1207","HSPA1A","RCN2"
"1208","HSPA1A","SEC61A2"
"1209","HSPA1A","S100A7"
"1210","HSPA1A","SNX4"
"1211","HSPA1A","HSPA9"
"1212","HSPA1A","HSPD1"
"1213","HSPA1A","CDH1"
"1214","HSPA1A","CANX"
"1215","HSPA1A","LRRC59"
"1216","HSPA1A","FHL2"
"1217","HSPA1A","PXN"
"1218","HSPA1A","SLC3A2"
"1219","HSPA1A","TPM3"
"1220","HSPA1A","TJP1"
"1221","HSPA1A","HSP90AB1"
"1222","HSPA1A","KBTBD3"
"1223","HSPA1A","CLCA1"
"1224","HSPA1A","CLINT1"
"1225","HSPA1A","TCEB1"
"1226","HSPA1A","GNA11"
"1227","HSPA1A","EXO1"
"1228","HSPA1A","TCEB2"
"1229","HSPA1A","PPP1R15A"
"1230","HSPA1A","CDYL"
"1231","HSPA1A","EFNB1"
"1232","HSPA1A","HIST1H1E"
"1233","HSPA1A","MOS"
"1234","HSPA1A","ACADVL"
"1235","HSPA1A","BCAR3"
"1236","HSPA1A","ATXN10"
"1237","HSPA1A","CTNND1"
"1238","HSPA1A","PEX19"
"1239","HSPA1A","PKP2"
"1240","HSPA1A","S100A11"
"1241","HSPA1A","TBRG4"
"1242","HSPA1A","TXN"
"1243","HSPA1A","DHRS7"
"1244","HSPA1A","DHX36"
"1245","HSPA1A","PRR5"
"1246","HSPA1A","WIZ"
"1247","HSPA1A","EIF4E2"
"1248","HSPA1A","SLC25A5"
"1249","HSPA1A","PHLDA1"
"1250","HSPA1A","KSR1"
"1251","HSPA1A","TPM3P4"
"1252","HSPA1A","CRYAB"
"1253","HSPA1A","GRN"
"1254","HSPA1A","NOS2"
"1255","HSPA1A","IARS2"
"1256","HSPA1A","MDH1"
"1257","HSPA1A","APOB"
"1258","HSPA1A","ENSG00000206380"
"1259","HSPA1A","LGALS4"
"1260","HSPA1A","ENSG00000206271"
"1261","HSPA1A","FAT1"
"1262","HSPA1A","CFTR"
"1263","HSPA1A","SFXN3"
"1264","HSPA1A","RYK"
"1265","HSPA1A","WFS1"
"1266","HSPA1A","GJA1"
"1267","HSPA1A","ATXN2L"
"1268","HSPA1A","CAPRIN1"
"1269","HSPA1A","C6orf48"
"1270","HSPA1A","EMD"
"1271","HSPA1A","THEM6"
"1272","HSPA1A","NOS3"
"1273","HSPA1A","HSPBP1"
"1274","HSPA1A","PSAP"
"1275","HSPA1A","PTGS2"
"1276","HSPA1A","BAG3"
"1277","HSPA1A","MDC1"
"1278","HSPA1A","TERF2IP"
"1279","HSPA1A","DNAJB11"
"1280","HSPA1A","PARN"
"1281","HSPA1A","MSR1"
"1282","HSPA1A","FANCC"
"1283","HSPA1A","C12orf10"
"1284","HSPA1A","NANS"
"1285","HSPA1A","OTUD4"
"1286","HSPA1A","XPNPEP3"
"1287","HSPA1A","EIF4EBP1"
"1288","HSPA1A","GNAI2"
"1289","HSPA1A","ENSG00000206385"
"1290","HSPA1A","PABPC4"
"1291","HSPA1A","PHB"
"1292","HSPA1A","EIF2AK2"
"1293","HSPA1A","NQO1"
"1294","HSPA1A","SLC5A1"
"1295","HSPA1A","ADCY8"
"1296","HSPA1A","PEX5"
"1297","HSPA1A","DES"
"1298","HSPA1A","CTNNA1"
"1299","HSPA1A","HAX1"
"1300","HSPA1A","HSPA2"
"1301","HSPA1A","RAD23A"
"1302","HSPA1A","TINF2"
"1303","HSPA1A","ENSG00000215702"
"1304","HSPA1A","SLC9A3R2"
"1305","HSPA1A","WSB1"
"1306","HSPA1A","BAG4"
"1307","HSPA1A","SOX9"
"1308","HSPA1A","ZNF322"
"1309","HSPA1A","TERF2"
"1310","HSPA1A","TRIM29"
"1311","HSPA1A","TSSK6"
"1312","HSPA1A","VPS4A"
"1313","HSPA1A","FAM120A"
"1314","HSPA1A","DNAJC3"
"1315","HSPA1A","CKAP4"
"1316","HSPA1A","CLTCL1"
"1317","HSPA1A","ARMC10"
"1318","HSPA1B","HSPB1"
"1319","HSPA1B","NDUFA10"
"1320","HSPA1B","NDUFA9"
"1321","HSPA1B","NDUFB4"
"1322","HSPA1B","NNT"
"1323","HSPA1B","NUCKS1"
"1324","HSPA1B","OPA1"
"1325","HSPA1B","METTL7A"
"1326","HSPA1B","MME"
"1327","HSPA1B","MRPL44"
"1328","HSPA1B","MRPS25"
"1329","HSPA1B","MRVI1"
"1330","HSPA1B","MTDH"
"1331","HSPA1B","MTHFD1"
"1332","HSPA1B","RAP2B"
"1333","HSPA1B","SDF4"
"1334","HSPA1B","PDIA5"
"1335","HSPA1B","POTEH"
"1336","HSPA1B","SLC16A1"
"1337","HSPA1B","SLC9A3R1"
"1338","HSPA1B","TNPO1"
"1339","HSPA1B","ENSG00000212860"
"1340","HSPA1B","ENSG00000215292"
"1341","HSPA1B","CAV1"
"1342","HSPA1B","CAPNS1"
"1343","HSPA1B","DNAJB1"
"1344","HSPA1B","HCLS1"
"1345","HSPA1B","HSPA6"
"1346","HSPA1B","RCN2"
"1347","HSPA1B","SEC61A2"
"1348","HSPA1B","S100A7"
"1349","HSPA1B","SNX4"
"1350","HSPA1B","HSPA9"
"1351","HSPA1B","HSPD1"
"1352","HSPA1B","CDH1"
"1353","HSPA1B","CANX"
"1354","HSPA1B","LRRC59"
"1355","HSPA1B","FHL2"
"1356","HSPA1B","PXN"
"1357","HSPA1B","SLC3A2"
"1358","HSPA1B","TPM3"
"1359","HSPA1B","TJP1"
"1360","HSPA1B","HSP90AB1"
"1361","HSPA1B","KBTBD3"
"1362","HSPA1B","CLCA1"
"1363","HSPA1B","CLINT1"
"1364","HSPA1B","TCEB1"
"1365","HSPA1B","GNA11"
"1366","HSPA1B","EXO1"
"1367","HSPA1B","TCEB2"
"1368","HSPA1B","PPP1R15A"
"1369","HSPA1B","CDYL"
"1370","HSPA1B","EFNB1"
"1371","HSPA1B","HIST1H1E"
"1372","HSPA1B","MOS"
"1373","HSPA1B","ACADVL"
"1374","HSPA1B","BCAR3"
"1375","HSPA1B","ATXN10"
"1376","HSPA1B","CTNND1"
"1377","HSPA1B","PEX19"
"1378","HSPA1B","PKP2"
"1379","HSPA1B","S100A11"
"1380","HSPA1B","TBRG4"
"1381","HSPA1B","TXN"
"1382","HSPA1B","DHRS7"
"1383","HSPA1B","DHX36"
"1384","HSPA1B","PRR5"
"1385","HSPA1B","WIZ"
"1386","HSPA1B","EIF4E2"
"1387","HSPA1B","SLC25A5"
"1388","HSPA1B","PHLDA1"
"1389","HSPA1B","KSR1"
"1390","HSPA1B","TPM3P4"
"1391","HSPA1B","CRYAB"
"1392","HSPA1B","GRN"
"1393","HSPA1B","NOS2"
"1394","HSPA1B","IARS2"
"1395","HSPA1B","MDH1"
"1396","HSPA1B","APOB"
"1397","HSPA1B","ENSG00000206380"
"1398","HSPA1B","LGALS4"
"1399","HSPA1B","ENSG00000206271"
"1400","HSPA1B","FAT1"
"1401","HSPA1B","CFTR"
"1402","HSPA1B","SFXN3"
"1403","HSPA1B","RYK"
"1404","HSPA1B","WFS1"
"1405","HSPA1B","GJA1"
"1406","HSPA1B","ATXN2L"
"1407","HSPA1B","CAPRIN1"
"1408","HSPA1B","C6orf48"
"1409","HSPA1B","EMD"
"1410","HSPA1B","THEM6"
"1411","HSPA1B","NOS3"
"1412","HSPA1B","HSPBP1"
"1413","HSPA1B","PSAP"
"1414","HSPA1B","PTGS2"
"1415","HSPA1B","BAG3"
"1416","HSPA1B","MDC1"
"1417","HSPA1B","TERF2IP"
"1418","HSPA1B","DNAJB11"
"1419","HSPA1B","PARN"
"1420","HSPA1B","MSR1"
"1421","HSPA1B","FANCC"
"1422","HSPA1B","C12orf10"
"1423","HSPA1B","NANS"
"1424","HSPA1B","OTUD4"
"1425","HSPA1B","XPNPEP3"
"1426","HSPA1B","EIF4EBP1"
"1427","HSPA1B","GNAI2"
"1428","HSPA1B","ENSG00000206385"
"1429","HSPA1B","PABPC4"
"1430","HSPA1B","PHB"
"1431","HSPA1B","EIF2AK2"
"1432","HSPA1B","NQO1"
"1433","HSPA1B","SLC5A1"
"1434","HSPA1B","ADCY8"
"1435","HSPA1B","PEX5"
"1436","HSPA1B","DES"
"1437","HSPA1B","CTNNA1"
"1438","HSPA1B","HAX1"
"1439","HSPA1B","HSPA2"
"1440","HSPA1B","RAD23A"
"1441","HSPA1B","TINF2"
"1442","HSPA1B","ENSG00000215702"
"1443","HSPA1B","SLC9A3R2"
"1444","HSPA1B","WSB1"
"1445","HSPA1B","BAG4"
"1446","HSPA1B","SOX9"
"1447","HSPA1B","ZNF322"
"1448","HSPA1B","TERF2"
"1449","HSPA1B","TRIM29"
"1450","HSPA1B","TSSK6"
"1451","HSPA1B","VPS4A"
"1452","HSPA1B","FAM120A"
"1453","HSPA1B","DNAJC3"
"1454","HSPA1B","CKAP4"
"1455","HSPA1B","CLTCL1"
"1456","HSPA1B","ARMC10"
"1457","HSPB1","NDUFA10"
"1458","HSPB1","NDUFA9"
"1459","HSPB1","NDUFB4"
"1460","HSPB1","NNT"
"1461","HSPB1","NUCKS1"
"1462","HSPB1","OPA1"
"1463","HSPB1","METTL7A"
"1464","HSPB1","MME"
"1465","HSPB1","MRPL44"
"1466","HSPB1","MRPS25"
"1467","HSPB1","MRVI1"
"1468","HSPB1","MTDH"
"1469","HSPB1","MTHFD1"
"1470","HSPB1","RAP2B"
"1471","HSPB1","SDF4"
"1472","HSPB1","PDIA5"
"1473","HSPB1","POTEH"
"1474","HSPB1","SLC16A1"
"1475","HSPB1","SLC9A3R1"
"1476","HSPB1","TNPO1"
"1477","HSPB1","ENSG00000212860"
"1478","HSPB1","ENSG00000215292"
"1479","HSPB1","CAV1"
"1480","HSPB1","CAPNS1"
"1481","HSPB1","HCLS1"
"1482","HSPB1","HSPA6"
"1483","HSPB1","HSPA9"
"1484","HSPB1","HSPD1"
"1485","HSPB1","CDH1"
"1486","HSPB1","CANX"
"1487","HSPB1","LRRC59"
"1488","HSPB1","FHL2"
"1489","HSPB1","PXN"
"1490","HSPB1","SLC3A2"
"1491","HSPB1","TPM3"
"1492","HSPB1","TJP1"
"1493","HSPB1","HSP90AB1"
"1494","HSPB1","KBTBD3"
"1495","HSPB1","CLCA1"
"1496","HSPB1","CLINT1"
"1497","HSPB1","GNA11"
"1498","HSPB1","EXO1"
"1499","HSPB1","TCEB2"
"1500","HSPB1","EFNB1"
"1501","HSPB1","HIST1H1E"
"1502","HSPB1","BCAR3"
"1503","HSPB1","ATXN10"
"1504","HSPB1","CTNND1"
"1505","HSPB1","PEX19"
"1506","HSPB1","PKP2"
"1507","HSPB1","S100A11"
"1508","HSPB1","TBRG4"
"1509","HSPB1","TXN"
"1510","HSPB1","SLC25A5"
"1511","HSPB1","TPM3P4"
"1512","HSPB1","CRYAB"
"1513","HSPB1","GRN"
"1514","HSPB1","NOS2"
"1515","HSPB1","ENSG00000206380"
"1516","HSPB1","ENSG00000206271"
"1517","HSPB1","CFTR"
"1518","HSPB1","RYK"
"1519","HSPB1","WFS1"
"1520","HSPB1","GJA1"
"1521","HSPB1","C6orf48"
"1522","HSPB1","NOS3"
"1523","HSPB1","PSAP"
"1524","HSPB1","PTGS2"
"1525","HSPB1","CRYAA"
"1526","HSPB1","XPNPEP3"
"1527","HSPB1","PHB"
"1528","HSPB1","ADCY8"
"1529","HSPB1","DES"
"1530","HSPB1","CTNNA1"
"1531","HSPB1","HAX1"
"1532","HSPB1","HSPB8"
"1533","HSPB1","WSB1"
"1534","HSPB1","TRIM29"
"1535","HSPB1","CKAP4"
"1536","HSPB1","CLTCL1"
"1537","HSPB1","ARMC10"
"1538","HSPB1","CRYGC"
"1539","HSPB1","CRYBB2P1"
"1540","HSPB1","FAIM"
"1541","NDUFA10","NDUFA9"
"1542","NDUFA10","NDUFB4"
"1543","NDUFA10","NNT"
"1544","NDUFA10","NUCKS1"
"1545","NDUFA10","OPA1"
"1546","NDUFA10","METTL7A"
"1547","NDUFA10","MME"
"1548","NDUFA10","MRPL44"
"1549","NDUFA10","MRPS25"
"1550","NDUFA10","MRVI1"
"1551","NDUFA10","MTDH"
"1552","NDUFA10","MTHFD1"
"1553","NDUFA10","RAP2B"
"1554","NDUFA10","SDF4"
"1555","NDUFA10","PDIA5"
"1556","NDUFA10","POTEH"
"1557","NDUFA10","SLC16A1"
"1558","NDUFA10","SLC9A3R1"
"1559","NDUFA10","TNPO1"
"1560","NDUFA10","ENSG00000212860"
"1561","NDUFA10","ENSG00000215292"
"1562","NDUFA10","KBTBD3"
"1563","NDUFA10","ARMC10"
"1564","NDUFA9","NDUFB4"
"1565","NDUFA9","NNT"
"1566","NDUFA9","NUCKS1"
"1567","NDUFA9","OPA1"
"1568","NDUFA9","METTL7A"
"1569","NDUFA9","MME"
"1570","NDUFA9","MRPL44"
"1571","NDUFA9","MRPS25"
"1572","NDUFA9","MRVI1"
"1573","NDUFA9","MTDH"
"1574","NDUFA9","MTHFD1"
"1575","NDUFA9","RAP2B"
"1576","NDUFA9","SDF4"
"1577","NDUFA9","PDIA5"
"1578","NDUFA9","POTEH"
"1579","NDUFA9","SLC16A1"
"1580","NDUFA9","SLC9A3R1"
"1581","NDUFA9","TNPO1"
"1582","NDUFA9","ENSG00000212860"
"1583","NDUFA9","ENSG00000215292"
"1584","NDUFA9","KBTBD3"
"1585","NDUFA9","ARMC10"
"1586","NDUFB4","NNT"
"1587","NDUFB4","NUCKS1"
"1588","NDUFB4","OPA1"
"1589","NDUFB4","METTL7A"
"1590","NDUFB4","MME"
"1591","NDUFB4","MRPL44"
"1592","NDUFB4","MRPS25"
"1593","NDUFB4","MRVI1"
"1594","NDUFB4","MTDH"
"1595","NDUFB4","MTHFD1"
"1596","NDUFB4","RAP2B"
"1597","NDUFB4","SDF4"
"1598","NDUFB4","PDIA5"
"1599","NDUFB4","POTEH"
"1600","NDUFB4","SLC16A1"
"1601","NDUFB4","SLC9A3R1"
"1602","NDUFB4","TNPO1"
"1603","NDUFB4","ENSG00000212860"
"1604","NDUFB4","ENSG00000215292"
"1605","NDUFB4","KBTBD3"
"1606","NDUFB4","ARMC10"
"1607","NNT","NUCKS1"
"1608","NNT","OPA1"
"1609","NNT","METTL7A"
"1610","NNT","MME"
"1611","NNT","MRPL44"
"1612","NNT","MRPS25"
"1613","NNT","MRVI1"
"1614","NNT","MTDH"
"1615","NNT","MTHFD1"
"1616","NNT","RAP2B"
"1617","NNT","SDF4"
"1618","NNT","PDIA5"
"1619","NNT","POTEH"
"1620","NNT","SLC16A1"
"1621","NNT","SLC9A3R1"
"1622","NNT","TNPO1"
"1623","NNT","ENSG00000212860"
"1624","NNT","ENSG00000215292"
"1625","NNT","KBTBD3"
"1626","NNT","ARMC10"
"1627","NUCKS1","OPA1"
"1628","NUCKS1","METTL7A"
"1629","NUCKS1","MME"
"1630","NUCKS1","MRPL44"
"1631","NUCKS1","MRPS25"
"1632","NUCKS1","MRVI1"
"1633","NUCKS1","MTDH"
"1634","NUCKS1","MTHFD1"
"1635","NUCKS1","RAP2B"
"1636","NUCKS1","SDF4"
"1637","NUCKS1","PDIA5"
"1638","NUCKS1","POTEH"
"1639","NUCKS1","SLC16A1"
"1640","NUCKS1","SLC9A3R1"
"1641","NUCKS1","TNPO1"
"1642","NUCKS1","ENSG00000212860"
"1643","NUCKS1","ENSG00000215292"
"1644","NUCKS1","KBTBD3"
"1645","NUCKS1","ARMC10"
"1646","OPA1","METTL7A"
"1647","OPA1","MME"
"1648","OPA1","MRPL44"
"1649","OPA1","MRPS25"
"1650","OPA1","MRVI1"
"1651","OPA1","MTDH"
"1652","OPA1","MTHFD1"
"1653","OPA1","RAP2B"
"1654","OPA1","SDF4"
"1655","OPA1","PDIA5"
"1656","OPA1","POTEH"
"1657","OPA1","SLC16A1"
"1658","OPA1","SLC9A3R1"
"1659","OPA1","TNPO1"
"1660","OPA1","ENSG00000212860"
"1661","OPA1","ENSG00000215292"
"1662","OPA1","KBTBD3"
"1663","OPA1","ARMC10"
"1664","METTL7A","MME"
"1665","METTL7A","MRPL44"
"1666","METTL7A","MRPS25"
"1667","METTL7A","MRVI1"
"1668","METTL7A","MTDH"
"1669","METTL7A","MTHFD1"
"1670","METTL7A","RAP2B"
"1671","METTL7A","SDF4"
"1672","METTL7A","PDIA5"
"1673","METTL7A","POTEH"
"1674","METTL7A","SLC16A1"
"1675","METTL7A","SLC9A3R1"
"1676","METTL7A","TNPO1"
"1677","METTL7A","ENSG00000212860"
"1678","METTL7A","ENSG00000215292"
"1679","METTL7A","KBTBD3"
"1680","METTL7A","ARMC10"
"1681","MME","MRPL44"
"1682","MME","MRPS25"
"1683","MME","MRVI1"
"1684","MME","MTDH"
"1685","MME","MTHFD1"
"1686","MME","RAP2B"
"1687","MME","SDF4"
"1688","MME","PDIA5"
"1689","MME","POTEH"
"1690","MME","SLC16A1"
"1691","MME","SLC9A3R1"
"1692","MME","TNPO1"
"1693","MME","ENSG00000212860"
"1694","MME","ENSG00000215292"
"1695","MME","HSPD1"
"1696","MME","HSP90AB1"
"1697","MME","KBTBD3"
"1698","MME","GNAI2"
"1699","MME","PHB"
"1700","MME","DHRS2"
"1701","MME","ARMC10"
"1702","MRPL44","MRPS25"
"1703","MRPL44","MRVI1"
"1704","MRPL44","MTDH"
"1705","MRPL44","MTHFD1"
"1706","MRPL44","RAP2B"
"1707","MRPL44","SDF4"
"1708","MRPL44","PDIA5"
"1709","MRPL44","POTEH"
"1710","MRPL44","SLC16A1"
"1711","MRPL44","SLC9A3R1"
"1712","MRPL44","TNPO1"
"1713","MRPL44","ENSG00000212860"
"1714","MRPL44","ENSG00000215292"
"1715","MRPL44","KBTBD3"
"1716","MRPL44","ARMC10"
"1717","MRPS25","MRVI1"
"1718","MRPS25","MTDH"
"1719","MRPS25","MTHFD1"
"1720","MRPS25","RAP2B"
"1721","MRPS25","SDF4"
"1722","MRPS25","PDIA5"
"1723","MRPS25","POTEH"
"1724","MRPS25","SLC16A1"
"1725","MRPS25","SLC9A3R1"
"1726","MRPS25","TNPO1"
"1727","MRPS25","ENSG00000212860"
"1728","MRPS25","ENSG00000215292"
"1729","MRPS25","KBTBD3"
"1730","MRPS25","ARMC10"
"1731","MRVI1","MTDH"
"1732","MRVI1","MTHFD1"
"1733","MRVI1","RAP2B"
"1734","MRVI1","SDF4"
"1735","MRVI1","PDIA5"
"1736","MRVI1","POTEH"
"1737","MRVI1","SLC16A1"
"1738","MRVI1","SLC9A3R1"
"1739","MRVI1","TNPO1"
"1740","MRVI1","ENSG00000212860"
"1741","MRVI1","ENSG00000215292"
"1742","MRVI1","KBTBD3"
"1743","MRVI1","ARMC10"
"1744","MTDH","MTHFD1"
"1745","MTDH","RAP2B"
"1746","MTDH","SDF4"
"1747","MTDH","PDIA5"
"1748","MTDH","POTEH"
"1749","MTDH","SLC16A1"
"1750","MTDH","SLC9A3R1"
"1751","MTDH","TNPO1"
"1752","MTDH","ENSG00000212860"
"1753","MTDH","ENSG00000215292"
"1754","MTDH","KBTBD3"
"1755","MTDH","ARMC10"
"1756","MTHFD1","RAP2B"
"1757","MTHFD1","SDF4"
"1758","MTHFD1","PDIA5"
"1759","MTHFD1","POTEH"
"1760","MTHFD1","SLC16A1"
"1761","MTHFD1","SLC9A3R1"
"1762","MTHFD1","TNPO1"
"1763","MTHFD1","ENSG00000212860"
"1764","MTHFD1","ENSG00000215292"
"1765","MTHFD1","HSPD1"
"1766","MTHFD1","TPM3"
"1767","MTHFD1","HSP90AB1"
"1768","MTHFD1","KBTBD3"
"1769","MTHFD1","TPM3P4"
"1770","MTHFD1","IARS2"
"1771","MTHFD1","MDH1"
"1772","MTHFD1","C12orf10"
"1773","MTHFD1","NANS"
"1774","MTHFD1","GNAI2"
"1775","MTHFD1","ARMC10"
"1776","RAP2B","SDF4"
"1777","RAP2B","PDIA5"
"1778","RAP2B","POTEH"
"1779","RAP2B","SLC16A1"
"1780","RAP2B","SLC9A3R1"
"1781","RAP2B","TNPO1"
"1782","RAP2B","ENSG00000212860"
"1783","RAP2B","ENSG00000215292"
"1784","RAP2B","KBTBD3"
"1785","RAP2B","RAPGEF5"
"1786","RAP2B","RUNDC3A"
"1787","RAP2B","ARMC10"
"1788","SDF4","PDIA5"
"1789","SDF4","POTEH"
"1790","SDF4","SLC16A1"
"1791","SDF4","SLC9A3R1"
"1792","SDF4","TNPO1"
"1793","SDF4","ENSG00000212860"
"1794","SDF4","ENSG00000215292"
"1795","SDF4","KBTBD3"
"1796","SDF4","ARMC10"
"1797","PDIA5","POTEH"
"1798","PDIA5","SLC16A1"
"1799","PDIA5","SLC9A3R1"
"1800","PDIA5","TNPO1"
"1801","PDIA5","ENSG00000212860"
"1802","PDIA5","ENSG00000215292"
"1803","PDIA5","KBTBD3"
"1804","PDIA5","ARMC10"
"1805","POTEH","SLC16A1"
"1806","POTEH","SLC9A3R1"
"1807","POTEH","TNPO1"
"1808","POTEH","ENSG00000212860"
"1809","POTEH","ENSG00000215292"
"1810","POTEH","KBTBD3"
"1811","POTEH","ARMC10"
"1812","SLC16A1","SLC9A3R1"
"1813","SLC16A1","TNPO1"
"1814","SLC16A1","ENSG00000212860"
"1815","SLC16A1","ENSG00000215292"
"1816","SLC16A1","KBTBD3"
"1817","SLC16A1","SERINC3"
"1818","SLC16A1","ARMC10"
"1819","SLC9A3R1","TNPO1"
"1820","SLC9A3R1","ENSG00000212860"
"1821","SLC9A3R1","ENSG00000215292"
"1822","SLC9A3R1","HCLS1"
"1823","SLC9A3R1","HSPA6"
"1824","SLC9A3R1","RCN2"
"1825","SLC9A3R1","SNX4"
"1826","SLC9A3R1","HSPA9"
"1827","SLC9A3R1","TPM3"
"1828","SLC9A3R1","HSP90AB1"
"1829","SLC9A3R1","TBC1D10A"
"1830","SLC9A3R1","KBTBD3"
"1831","SLC9A3R1","KCNJ1"
"1832","SLC9A3R1","TCEB1"
"1833","SLC9A3R1","TPM3P4"
"1834","SLC9A3R1","NOS2"
"1835","SLC9A3R1","ENSG00000206380"
"1836","SLC9A3R1","LGALS4"
"1837","SLC9A3R1","ENSG00000206271"
"1838","SLC9A3R1","CFTR"
"1839","SLC9A3R1","ATXN2L"
"1840","SLC9A3R1","CAPRIN1"
"1841","SLC9A3R1","C6orf48"
"1842","SLC9A3R1","EMD"
"1843","SLC9A3R1","THEM6"
"1844","SLC9A3R1","SLC34A1"
"1845","SLC9A3R1","SLC9A3"
"1846","SLC9A3R1","SLC17A1"
"1847","SLC9A3R1","P2RY1"
"1848","SLC9A3R1","CLCN3"
"1849","SLC9A3R1","HSPA2"
"1850","SLC9A3R1","SLC23A1"
"1851","SLC9A3R1","ATP6V1B1"
"1852","SLC9A3R1","SLC26A3"
"1853","SLC9A3R1","SLC9A3R2"
"1854","SLC9A3R1","ABCC2"
"1855","SLC9A3R1","ARMC10"
"1856","SLC9A3R1","CAPN6"
"1857","SLC9A3R1","CNGA2"
"1858","TNPO1","ENSG00000212860"
"1859","TNPO1","ENSG00000215292"
"1860","TNPO1","HSPD1"
"1861","TNPO1","HSP90AB1"
"1862","TNPO1","KBTBD3"
"1863","TNPO1","GNAI2"
"1864","TNPO1","PHB"
"1865","TNPO1","DHRS2"
"1866","TNPO1","RGPD6"
"1867","TNPO1","ARMC10"
"1868","ENSG00000212860","ENSG00000215292"
"1869","ENSG00000212860","CAV1"
"1870","ENSG00000212860","CAPNS1"
"1871","ENSG00000212860","DNAJB1"
"1872","ENSG00000212860","HCLS1"
"1873","ENSG00000212860","HSPA6"
"1874","ENSG00000212860","RCN2"
"1875","ENSG00000212860","SEC61A2"
"1876","ENSG00000212860","S100A7"
"1877","ENSG00000212860","SNX4"
"1878","ENSG00000212860","HSPA9"
"1879","ENSG00000212860","HSPD1"
"1880","ENSG00000212860","CDH1"
"1881","ENSG00000212860","CANX"
"1882","ENSG00000212860","LRRC59"
"1883","ENSG00000212860","FHL2"
"1884","ENSG00000212860","PXN"
"1885","ENSG00000212860","SLC3A2"
"1886","ENSG00000212860","TPM3"
"1887","ENSG00000212860","TJP1"
"1888","ENSG00000212860","HSP90AB1"
"1889","ENSG00000212860","KBTBD3"
"1890","ENSG00000212860","CLCA1"
"1891","ENSG00000212860","CLINT1"
"1892","ENSG00000212860","TCEB1"
"1893","ENSG00000212860","GNA11"
"1894","ENSG00000212860","EXO1"
"1895","ENSG00000212860","TCEB2"
"1896","ENSG00000212860","PPP1R15A"
"1897","ENSG00000212860","CDYL"
"1898","ENSG00000212860","EFNB1"
"1899","ENSG00000212860","HIST1H1E"
"1900","ENSG00000212860","MOS"
"1901","ENSG00000212860","ACADVL"
"1902","ENSG00000212860","BCAR3"
"1903","ENSG00000212860","ATXN10"
"1904","ENSG00000212860","CTNND1"
"1905","ENSG00000212860","PEX19"
"1906","ENSG00000212860","PKP2"
"1907","ENSG00000212860","S100A11"
"1908","ENSG00000212860","TBRG4"
"1909","ENSG00000212860","TXN"
"1910","ENSG00000212860","DHRS7"
"1911","ENSG00000212860","DHX36"
"1912","ENSG00000212860","PRR5"
"1913","ENSG00000212860","WIZ"
"1914","ENSG00000212860","EIF4E2"
"1915","ENSG00000212860","SLC25A5"
"1916","ENSG00000212860","PHLDA1"
"1917","ENSG00000212860","KSR1"
"1918","ENSG00000212860","TPM3P4"
"1919","ENSG00000212860","CRYAB"
"1920","ENSG00000212860","GRN"
"1921","ENSG00000212860","NOS2"
"1922","ENSG00000212860","IARS2"
"1923","ENSG00000212860","MDH1"
"1924","ENSG00000212860","APOB"
"1925","ENSG00000212860","ENSG00000206380"
"1926","ENSG00000212860","LGALS4"
"1927","ENSG00000212860","ENSG00000206271"
"1928","ENSG00000212860","FAT1"
"1929","ENSG00000212860","CFTR"
"1930","ENSG00000212860","SFXN3"
"1931","ENSG00000212860","RYK"
"1932","ENSG00000212860","WFS1"
"1933","ENSG00000212860","GJA1"
"1934","ENSG00000212860","ATXN2L"
"1935","ENSG00000212860","CAPRIN1"
"1936","ENSG00000212860","C6orf48"
"1937","ENSG00000212860","EMD"
"1938","ENSG00000212860","THEM6"
"1939","ENSG00000212860","NOS3"
"1940","ENSG00000212860","HSPBP1"
"1941","ENSG00000212860","PSAP"
"1942","ENSG00000212860","PTGS2"
"1943","ENSG00000212860","BAG3"
"1944","ENSG00000212860","MDC1"
"1945","ENSG00000212860","TERF2IP"
"1946","ENSG00000212860","DNAJB11"
"1947","ENSG00000212860","PARN"
"1948","ENSG00000212860","MSR1"
"1949","ENSG00000212860","FANCC"
"1950","ENSG00000212860","C12orf10"
"1951","ENSG00000212860","NANS"
"1952","ENSG00000212860","OTUD4"
"1953","ENSG00000212860","XPNPEP3"
"1954","ENSG00000212860","EIF4EBP1"
"1955","ENSG00000212860","GNAI2"
"1956","ENSG00000212860","ENSG00000206385"
"1957","ENSG00000212860","PABPC4"
"1958","ENSG00000212860","PHB"
"1959","ENSG00000212860","EIF2AK2"
"1960","ENSG00000212860","NQO1"
"1961","ENSG00000212860","SLC5A1"
"1962","ENSG00000212860","ADCY8"
"1963","ENSG00000212860","PEX5"
"1964","ENSG00000212860","DES"
"1965","ENSG00000212860","CTNNA1"
"1966","ENSG00000212860","HAX1"
"1967","ENSG00000212860","HSPA2"
"1968","ENSG00000212860","RAD23A"
"1969","ENSG00000212860","TINF2"
"1970","ENSG00000212860","ENSG00000215702"
"1971","ENSG00000212860","SLC9A3R2"
"1972","ENSG00000212860","WSB1"
"1973","ENSG00000212860","BAG4"
"1974","ENSG00000212860","SOX9"
"1975","ENSG00000212860","ZNF322"
"1976","ENSG00000212860","TERF2"
"1977","ENSG00000212860","TRIM29"
"1978","ENSG00000212860","TSSK6"
"1979","ENSG00000212860","VPS4A"
"1980","ENSG00000212860","FAM120A"
"1981","ENSG00000212860","DNAJC3"
"1982","ENSG00000212860","CKAP4"
"1983","ENSG00000212860","CLTCL1"
"1984","ENSG00000212860","ARMC10"
"1985","ENSG00000215292","CAV1"
"1986","ENSG00000215292","CAPNS1"
"1987","ENSG00000215292","DNAJB1"
"1988","ENSG00000215292","HCLS1"
"1989","ENSG00000215292","HSPA6"
"1990","ENSG00000215292","RCN2"
"1991","ENSG00000215292","SEC61A2"
"1992","ENSG00000215292","S100A7"
"1993","ENSG00000215292","SNX4"
"1994","ENSG00000215292","HSPA9"
"1995","ENSG00000215292","HSPD1"
"1996","ENSG00000215292","CDH1"
"1997","ENSG00000215292","CANX"
"1998","ENSG00000215292","LRRC59"
"1999","ENSG00000215292","FHL2"
"2000","ENSG00000215292","PXN"
"2001","ENSG00000215292","SLC3A2"
"2002","ENSG00000215292","TPM3"
"2003","ENSG00000215292","TJP1"
"2004","ENSG00000215292","HSP90AB1"
"2005","ENSG00000215292","KBTBD3"
"2006","ENSG00000215292","CLCA1"
"2007","ENSG00000215292","CLINT1"
"2008","ENSG00000215292","TCEB1"
"2009","ENSG00000215292","GNA11"
"2010","ENSG00000215292","EXO1"
"2011","ENSG00000215292","TCEB2"
"2012","ENSG00000215292","PPP1R15A"
"2013","ENSG00000215292","CDYL"
"2014","ENSG00000215292","EFNB1"
"2015","ENSG00000215292","HIST1H1E"
"2016","ENSG00000215292","MOS"
"2017","ENSG00000215292","ACADVL"
"2018","ENSG00000215292","BCAR3"
"2019","ENSG00000215292","ATXN10"
"2020","ENSG00000215292","CTNND1"
"2021","ENSG00000215292","PEX19"
"2022","ENSG00000215292","PKP2"
"2023","ENSG00000215292","S100A11"
"2024","ENSG00000215292","TBRG4"
"2025","ENSG00000215292","TXN"
"2026","ENSG00000215292","DHRS7"
"2027","ENSG00000215292","DHX36"
"2028","ENSG00000215292","PRR5"
"2029","ENSG00000215292","WIZ"
"2030","ENSG00000215292","EIF4E2"
"2031","ENSG00000215292","SLC25A5"
"2032","ENSG00000215292","PHLDA1"
"2033","ENSG00000215292","KSR1"
"2034","ENSG00000215292","TPM3P4"
"2035","ENSG00000215292","CRYAB"
"2036","ENSG00000215292","GRN"
"2037","ENSG00000215292","NOS2"
"2038","ENSG00000215292","IARS2"
"2039","ENSG00000215292","MDH1"
"2040","ENSG00000215292","APOB"
"2041","ENSG00000215292","ENSG00000206380"
"2042","ENSG00000215292","LGALS4"
"2043","ENSG00000215292","ENSG00000206271"
"2044","ENSG00000215292","FAT1"
"2045","ENSG00000215292","CFTR"
"2046","ENSG00000215292","SFXN3"
"2047","ENSG00000215292","RYK"
"2048","ENSG00000215292","WFS1"
"2049","ENSG00000215292","GJA1"
"2050","ENSG00000215292","ATXN2L"
"2051","ENSG00000215292","CAPRIN1"
"2052","ENSG00000215292","C6orf48"
"2053","ENSG00000215292","EMD"
"2054","ENSG00000215292","THEM6"
"2055","ENSG00000215292","NOS3"
"2056","ENSG00000215292","HSPBP1"
"2057","ENSG00000215292","PSAP"
"2058","ENSG00000215292","PTGS2"
"2059","ENSG00000215292","BAG3"
"2060","ENSG00000215292","MDC1"
"2061","ENSG00000215292","TERF2IP"
"2062","ENSG00000215292","DNAJB11"
"2063","ENSG00000215292","PARN"
"2064","ENSG00000215292","MSR1"
"2065","ENSG00000215292","FANCC"
"2066","ENSG00000215292","C12orf10"
"2067","ENSG00000215292","NANS"
"2068","ENSG00000215292","OTUD4"
"2069","ENSG00000215292","XPNPEP3"
"2070","ENSG00000215292","EIF4EBP1"
"2071","ENSG00000215292","GNAI2"
"2072","ENSG00000215292","ENSG00000206385"
"2073","ENSG00000215292","PABPC4"
"2074","ENSG00000215292","PHB"
"2075","ENSG00000215292","EIF2AK2"
"2076","ENSG00000215292","NQO1"
"2077","ENSG00000215292","SLC5A1"
"2078","ENSG00000215292","ADCY8"
"2079","ENSG00000215292","PEX5"
"2080","ENSG00000215292","DES"
"2081","ENSG00000215292","CTNNA1"
"2082","ENSG00000215292","HAX1"
"2083","ENSG00000215292","HSPA2"
"2084","ENSG00000215292","RAD23A"
"2085","ENSG00000215292","TINF2"
"2086","ENSG00000215292","ENSG00000215702"
"2087","ENSG00000215292","SLC9A3R2"
"2088","ENSG00000215292","WSB1"
"2089","ENSG00000215292","BAG4"
"2090","ENSG00000215292","SOX9"
"2091","ENSG00000215292","ZNF322"
"2092","ENSG00000215292","TERF2"
"2093","ENSG00000215292","TRIM29"
"2094","ENSG00000215292","TSSK6"
"2095","ENSG00000215292","VPS4A"
"2096","ENSG00000215292","FAM120A"
"2097","ENSG00000215292","DNAJC3"
"2098","ENSG00000215292","CKAP4"
"2099","ENSG00000215292","CLTCL1"
"2100","ENSG00000215292","ARMC10"
"2101","SORBS1","PXN"
"2102","SORBS1","EFNB1"
"2103","SORBS1","FLOT1"
"2104","SORBS1","ENSG00000206480"
"2105","SORBS1","ENSG00000206379"
"2106","CAV1","S100A9"
"2107","CAV1","HSPA9"
"2108","CAV1","HSPD1"
"2109","CAV1","CDH1"
"2110","CAV1","LRRC59"
"2111","CAV1","FHL2"
"2112","CAV1","PXN"
"2113","CAV1","ICAM1"
"2114","CAV1","SLC3A2"
"2115","CAV1","CAV2"
"2116","CAV1","HSP90AB1"
"2117","CAV1","EFNB1"
"2118","CAV1","HIST1H1E"
"2119","CAV1","BCAR3"
"2120","CAV1","ATXN10"
"2121","CAV1","CTNND1"
"2122","CAV1","PEX19"
"2123","CAV1","PKP2"
"2124","CAV1","S100A11"
"2125","CAV1","TBRG4"
"2126","CAV1","TXN"
"2127","CAV1","SLC25A5"
"2128","CAV1","NOS2"
"2129","CAV1","PLD2"
"2130","CAV1","GJA1"
"2131","CAV1","NOS3"
"2132","CAV1","MALL"
"2133","CAV1","PTGS2"
"2134","CAV1","GJA3"
"2135","CAV1","HOXC10"
"2136","CAV1","FLOT1"
"2137","CAV1","ENSG00000206480"
"2138","CAV1","AQP3"
"2139","CAV1","CTNNA1"
"2140","CAV1","ALCAM"
"2141","CAV1","CLTA"
"2142","CAV1","TRIM29"
"2143","CAV1","CKAP4"
"2144","CAV1","CLTCL1"
"2145","CAV1","ABCB1"
"2146","CAV1","ATP1B1"
"2147","CAV1","ENSG00000206379"
"2148","CAPNS1","DNAJB1"
"2149","CAPNS1","HCLS1"
"2150","CAPNS1","HSPA6"
"2151","CAPNS1","SEC61A2"
"2152","CAPNS1","S100A7"
"2153","CAPNS1","HSPA9"
"2154","CAPNS1","CDH1"
"2155","CAPNS1","CANX"
"2156","CAPNS1","TPM3"
"2157","CAPNS1","TJP1"
"2158","CAPNS1","HSP90AB1"
"2159","CAPNS1","CLCA1"
"2160","CAPNS1","CLINT1"
"2161","CAPNS1","GNA11"
"2162","CAPNS1","EXO1"
"2163","CAPNS1","TCEB2"
"2164","CAPNS1","TPM3P4"
"2165","CAPNS1","GRN"
"2166","CAPNS1","ENSG00000206380"
"2167","CAPNS1","LGALS4"
"2168","CAPNS1","ENSG00000206271"
"2169","CAPNS1","FAT1"
"2170","CAPNS1","CFTR"
"2171","CAPNS1","SFXN3"
"2172","CAPNS1","RYK"
"2173","CAPNS1","WFS1"
"2174","CAPNS1","C6orf48"
"2175","CAPNS1","PSAP"
"2176","CAPNS1","XPNPEP3"
"2177","CAPNS1","TERF1"
"2178","CAPNS1","ADCY8"
"2179","CAPNS1","HAX1"
"2180","CAPNS1","WSB1"
"2181","CAPNS1","VPS4A"
"2182","CAPNS1","FAM120A"
"2183","CAPNS1","CLTCL1"
"2184","CAPNS1","LRRCC1"
"2185","DNAJB1","HCLS1"
"2186","DNAJB1","HSPA6"
"2187","DNAJB1","RCN1"
"2188","DNAJB1","RCN2"
"2189","DNAJB1","SEC61A2"
"2190","DNAJB1","S100A7"
"2191","DNAJB1","S100A9"
"2192","DNAJB1","SNX4"
"2193","DNAJB1","SORL1"
"2194","DNAJB1","TFG"
"2195","DNAJB1","HSPD1"
"2196","DNAJB1","HSP90AB1"
"2197","DNAJB1","HSPA4"
"2198","DNAJB1","PHLDA1"
"2199","DNAJB1","LGALS4"
"2200","DNAJB1","FAT1"
"2201","DNAJB1","CFTR"
"2202","DNAJB1","SFXN3"
"2203","DNAJB1","HSPBP1"
"2204","DNAJB1","FANCC"
"2205","DNAJB1","TTC1"
"2206","DNAJB1","NQO1"
"2207","DNAJB1","ENSG00000215702"
"2208","DNAJB1","SLC9A3R2"
"2209","DNAJB1","ZNF322"
"2210","DNAJB1","TMEM43"
"2211","DNAJB1","VPS4A"
"2212","DNAJB1","FAM120A"
"2213","DNAJB1","DNAJC3"
"2214","HCLS1","HSPA6"
"2215","HCLS1","RCN2"
"2216","HCLS1","SEC61A2"
"2217","HCLS1","S100A7"
"2218","HCLS1","SNX4"
"2219","HCLS1","SORL1"
"2220","HCLS1","HSPA9"
"2221","HCLS1","CDH1"
"2222","HCLS1","CANX"
"2223","HCLS1","DAB2"
"2224","HCLS1","EPS8"
"2225","HCLS1","TPM3"
"2226","HCLS1","TJP1"
"2227","HCLS1","HSP90AB1"
"2228","HCLS1","CLCA1"
"2229","HCLS1","CLINT1"
"2230","HCLS1","TCEB1"
"2231","HCLS1","GNA11"
"2232","HCLS1","EXO1"
"2233","HCLS1","AP1B1"
"2234","HCLS1","TCEB2"
"2235","HCLS1","TPM3P4"
"2236","HCLS1","GRN"
"2237","HCLS1","PLD2"
"2238","HCLS1","ENSG00000206380"
"2239","HCLS1","LGALS4"
"2240","HCLS1","ATP2A3"
"2241","HCLS1","ENSG00000206271"
"2242","HCLS1","EPCAM"
"2243","HCLS1","FAT1"
"2244","HCLS1","CFTR"
"2245","HCLS1","MS4A5"
"2246","HCLS1","MUC13"
"2247","HCLS1","MUC2"
"2248","HCLS1","IL1RAPL1"
"2249","HCLS1","SFXN3"
"2250","HCLS1","PLEKHA6"
"2251","HCLS1","REPS1"
"2252","HCLS1","RYK"
"2253","HCLS1","WFS1"
"2254","HCLS1","ATXN2L"
"2255","HCLS1","CAPRIN1"
"2256","HCLS1","C6orf48"
"2257","HCLS1","EMD"
"2258","HCLS1","THEM6"
"2259","HCLS1","PSAP"
"2260","HCLS1","SNX9"
"2261","HCLS1","XPNPEP3"
"2262","HCLS1","GNAI2"
"2263","HCLS1","ADCY8"
"2264","HCLS1","HAX1"
"2265","HCLS1","HSPA2"
"2266","HCLS1","SH3BGRL2"
"2267","HCLS1","CLTA"
"2268","HCLS1","SLC9A3R2"
"2269","HCLS1","WSB1"
"2270","HCLS1","VPS4A"
"2271","HCLS1","FAM120A"
"2272","HCLS1","CLTCL1"
"2273","HCLS1","CEP170"
"2274","HSPA6","RCN1"
"2275","HSPA6","RCN2"
"2276","HSPA6","S100A7"
"2277","HSPA6","S100A9"
"2278","HSPA6","SNX4"
"2279","HSPA6","TFG"
"2280","HSPA6","HSPA9"
"2281","HSPA6","HSPD1"
"2282","HSPA6","CDH1"
"2283","HSPA6","CANX"
"2284","HSPA6","TPM3"
"2285","HSPA6","TJP1"
"2286","HSPA6","HSP90AB1"
"2287","HSPA6","CLCA1"
"2288","HSPA6","CLINT1"
"2289","HSPA6","TCEB1"
"2290","HSPA6","GNA11"
"2291","HSPA6","EXO1"
"2292","HSPA6","TCEB2"
"2293","HSPA6","EIF4E2"
"2294","HSPA6","TPM3P4"
"2295","HSPA6","GRN"
"2296","HSPA6","LGALS3"
"2297","HSPA6","ENSG00000206380"
"2298","HSPA6","ENSG00000206271"
"2299","HSPA6","CFTR"
"2300","HSPA6","RYK"
"2301","HSPA6","WFS1"
"2302","HSPA6","ATXN2L"
"2303","HSPA6","CAPRIN1"
"2304","HSPA6","C6orf48"
"2305","HSPA6","EMD"
"2306","HSPA6","THEM6"
"2307","HSPA6","PSAP"
"2308","HSPA6","PARN"
"2309","HSPA6","XPNPEP3"
"2310","HSPA6","EIF4EBP1"
"2311","HSPA6","PABPC4"
"2312","HSPA6","ADCY8"
"2313","HSPA6","HAX1"
"2314","HSPA6","HSPA2"
"2315","HSPA6","SLC9A3R2"
"2316","HSPA6","WSB1"
"2317","HSPA6","TMEM43"
"2318","HSPA6","CLTCL1"
"2319","RCN1","RCN2"
"2320","RCN1","S100A7"
"2321","RCN1","S100A9"
"2322","RCN1","SNX4"
"2323","RCN1","TFG"
"2324","RCN1","HSPD1"
"2325","RCN1","CFTR"
"2326","RCN1","SLC9A3R2"
"2327","RCN1","TMEM43"
"2328","RCN2","S100A7"
"2329","RCN2","S100A9"
"2330","RCN2","SNX4"
"2331","RCN2","TFG"
"2332","RCN2","HSPA9"
"2333","RCN2","HSPD1"
"2334","RCN2","TPM3"
"2335","RCN2","HSP90AB1"
"2336","RCN2","TCEB1"
"2337","RCN2","TPM3P4"
"2338","RCN2","ENSG00000206380"
"2339","RCN2","ENSG00000206271"
"2340","RCN2","CFTR"
"2341","RCN2","ATXN2L"
"2342","RCN2","CAPRIN1"
"2343","RCN2","C6orf48"
"2344","RCN2","EMD"
"2345","RCN2","THEM6"
"2346","RCN2","NPTX2"
"2347","RCN2","NPTX1"
"2348","RCN2","HSPA2"
"2349","RCN2","SLC9A3R2"
"2350","RCN2","TMEM43"
"2351","RCN2","CBX6"
"2352","SEC61A2","S100A7"
"2353","SEC61A2","HSP90AB1"
"2354","SEC61A2","APOB"
"2355","SEC61A2","LGALS4"
"2356","SEC61A2","FAT1"
"2357","SEC61A2","CFTR"
"2358","SEC61A2","SFXN3"
"2359","SEC61A2","CNOT10"
"2360","SEC61A2","VPS4A"
"2361","SEC61A2","FAM120A"
"2362","S100A7","S100A9"
"2363","S100A7","SNX4"
"2364","S100A7","TFG"
"2365","S100A7","HSPD1"
"2366","S100A7","HSP90AB1"
"2367","S100A7","TCEB2"
"2368","S100A7","LGALS3"
"2369","S100A7","ENSG00000206380"
"2370","S100A7","LGALS4"
"2371","S100A7","ENSG00000206271"
"2372","S100A7","FAT1"
"2373","S100A7","CFTR"
"2374","S100A7","SFXN3"
"2375","S100A7","C6orf48"
"2376","S100A7","THEM6"
"2377","S100A7","HSPA2"
"2378","S100A7","SLC9A3R2"
"2379","S100A7","TMEM43"
"2380","S100A7","VPS4A"
"2381","S100A7","FAM120A"
"2382","S100A9","SNX4"
"2383","S100A9","TFG"
"2384","S100A9","HSPD1"
"2385","S100A9","ICAM1"
"2386","S100A9","SLC3A2"
"2387","S100A9","CAV2"
"2388","S100A9","CFTR"
"2389","S100A9","HOXC10"
"2390","S100A9","ALCAM"
"2391","S100A9","CLTA"
"2392","S100A9","SLC9A3R2"
"2393","S100A9","TMEM43"
"2394","S100A9","CLTCL1"
"2395","S100A9","ATP1B1"
"2396","SNX4","TFG"
"2397","SNX4","HSPA9"
"2398","SNX4","HSPD1"
"2399","SNX4","TPM3"
"2400","SNX4","HSP90AB1"
"2401","SNX4","TCEB1"
"2402","SNX4","TCEB2"
"2403","SNX4","TPM3P4"
"2404","SNX4","LGALS3"
"2405","SNX4","ENSG00000206380"
"2406","SNX4","ENSG00000206271"
"2407","SNX4","CFTR"
"2408","SNX4","ATXN2L"
"2409","SNX4","CAPRIN1"
"2410","SNX4","C6orf48"
"2411","SNX4","EMD"
"2412","SNX4","THEM6"
"2413","SNX4","HSPA2"
"2414","SNX4","SLC9A3R2"
"2415","SNX4","TMEM43"
"2416","SORL1","HSPA9"
"2417","SORL1","HSPD1"
"2418","SORL1","CDH1"
"2419","SORL1","DAB2"
"2420","SORL1","EPS8"
"2421","SORL1","TPM3"
"2422","SORL1","HSP90AB1"
"2423","SORL1","CLINT1"
"2424","SORL1","GNA11"
"2425","SORL1","AP1B1"
"2426","SORL1","MOS"
"2427","SORL1","TPM3P4"
"2428","SORL1","PLD2"
"2429","SORL1","APOB"
"2430","SORL1","LGALS4"
"2431","SORL1","ATP2A3"
"2432","SORL1","EPCAM"
"2433","SORL1","CFTR"
"2434","SORL1","MS4A5"
"2435","SORL1","MUC13"
"2436","SORL1","MUC2"
"2437","SORL1","IL1RAPL1"
"2438","SORL1","PLEKHA6"
"2439","SORL1","REPS1"
"2440","SORL1","HSPBP1"
"2441","SORL1","BAG3"
"2442","SORL1","DNAJB11"
"2443","SORL1","SNX9"
"2444","SORL1","MSR1"
"2445","SORL1","FANCC"
"2446","SORL1","GNAI2"
"2447","SORL1","TTC1"
"2448","SORL1","EIF2AK2"
"2449","SORL1","NQO1"
"2450","SORL1","SLC5A1"
"2451","SORL1","PEX5"
"2452","SORL1","SH3BGRL2"
"2453","SORL1","CLTA"
"2454","SORL1","BAG4"
"2455","SORL1","SOX9"
"2456","SORL1","ZNF322"
"2457","SORL1","CEP170"
"2458","TFG","HSPD1"
"2459","TFG","HSP90AB1"
"2460","TFG","TCEB2"
"2461","TFG","LGALS3"
"2462","TFG","ENSG00000206380"
"2463","TFG","ENSG00000206271"
"2464","TFG","CFTR"
"2465","TFG","CAPRIN1"
"2466","TFG","C6orf48"
"2467","TFG","THEM6"
"2468","TFG","HSPA2"
"2469","TFG","SLC9A3R2"
"2470","TFG","ENSG00000182490"
"2471","TFG","TMEM43"
"2472","TFG","TSSK2"
"2473","TFG","FAM195A"
"2474","HSPA9","HSPD1"
"2475","HSPA9","CDH1"
"2476","HSPA9","CANX"
"2477","HSPA9","LRRC59"
"2478","HSPA9","FHL2"
"2479","HSPA9","PXN"
"2480","HSPA9","SLC3A2"
"2481","HSPA9","DAB2"
"2482","HSPA9","EPS8"
"2483","HSPA9","TPM3"
"2484","HSPA9","TJP1"
"2485","HSPA9","HSP90AB1"
"2486","HSPA9","CLCA1"
"2487","HSPA9","CLINT1"
"2488","HSPA9","TCEB1"
"2489","HSPA9","GNA11"
"2490","HSPA9","EXO1"
"2491","HSPA9","AP1B1"
"2492","HSPA9","TCEB2"
"2493","HSPA9","EFNB1"
"2494","HSPA9","HIST1H1E"
"2495","HSPA9","BCAR3"
"2496","HSPA9","ATXN10"
"2497","HSPA9","CTNND1"
"2498","HSPA9","PEX19"
"2499","HSPA9","PKP2"
"2500","HSPA9","S100A11"
"2501","HSPA9","TBRG4"
"2502","HSPA9","TXN"
"2503","HSPA9","SLC25A5"
"2504","HSPA9","TPM3P4"
"2505","HSPA9","GRN"
"2506","HSPA9","PLD2"
"2507","HSPA9","ENSG00000206380"
"2508","HSPA9","LGALS4"
"2509","HSPA9","ATP2A3"
"2510","HSPA9","ENSG00000206271"
"2511","HSPA9","EPCAM"
"2512","HSPA9","CFTR"
"2513","HSPA9","MS4A5"
"2514","HSPA9","MUC13"
"2515","HSPA9","MUC2"
"2516","HSPA9","IL1RAPL1"
"2517","HSPA9","PLEKHA6"
"2518","HSPA9","REPS1"
"2519","HSPA9","RYK"
"2520","HSPA9","WFS1"
"2521","HSPA9","ATXN2L"
"2522","HSPA9","CAPRIN1"
"2523","HSPA9","C6orf48"
"2524","HSPA9","EMD"
"2525","HSPA9","THEM6"
"2526","HSPA9","PSAP"
"2527","HSPA9","SNX9"
"2528","HSPA9","XPNPEP3"
"2529","HSPA9","GNAI2"
"2530","HSPA9","ADCY8"
"2531","HSPA9","CTNNA1"
"2532","HSPA9","HAX1"
"2533","HSPA9","HSPA2"
"2534","HSPA9","SH3BGRL2"
"2535","HSPA9","CLTA"
"2536","HSPA9","SLC9A3R2"
"2537","HSPA9","WSB1"
"2538","HSPA9","TRIM29"
"2539","HSPA9","CKAP4"
"2540","HSPA9","CLTCL1"
"2541","HSPA9","CEP170"
"2542","HSPA9","DNLZ"
"2543","HSPD1","CDH1"
"2544","HSPD1","LRRC59"
"2545","HSPD1","FHL2"
"2546","HSPD1","PXN"
"2547","HSPD1","SLC3A2"
"2548","HSPD1","HSP90AB1"
"2549","HSPD1","TCEB2"
"2550","HSPD1","ARG1"
"2551","HSPD1","EFNB1"
"2552","HSPD1","HIST1H1E"
"2553","HSPD1","ACADVL"
"2554","HSPD1","BCAR3"
"2555","HSPD1","ATXN10"
"2556","HSPD1","CTNND1"
"2557","HSPD1","PEX19"
"2558","HSPD1","PKP2"
"2559","HSPD1","S100A11"
"2560","HSPD1","TBRG4"
"2561","HSPD1","TXN"
"2562","HSPD1","SLC25A5"
"2563","HSPD1","LGALS3"
"2564","HSPD1","ENSG00000206380"
"2565","HSPD1","ENSG00000206271"
"2566","HSPD1","CFTR"
"2567","HSPD1","C6orf48"
"2568","HSPD1","THEM6"
"2569","HSPD1","GNAI2"
"2570","HSPD1","PHB"
"2571","HSPD1","DHRS2"
"2572","HSPD1","CTNNA1"
"2573","HSPD1","HSPA2"
"2574","HSPD1","ETFDH"
"2575","HSPD1","COQ2"
"2576","HSPD1","SLC9A3R2"
"2577","HSPD1","GLDC"
"2578","HSPD1","TMEM43"
"2579","HSPD1","TRIM29"
"2580","HSPD1","CKAP4"
"2581","CDH1","CANX"
"2582","CDH1","DAB2"
"2583","CDH1","EPS8"
"2584","CDH1","TPM3"
"2585","CDH1","TJP1"
"2586","CDH1","CLCA1"
"2587","CDH1","CLINT1"
"2588","CDH1","GNA11"
"2589","CDH1","EXO1"
"2590","CDH1","AP1B1"
"2591","CDH1","TCEB2"
"2592","CDH1","MOS"
"2593","CDH1","ACADVL"
"2594","CDH1","CTNND1"
"2595","CDH1","TPM3P4"
"2596","CDH1","GRN"
"2597","CDH1","PLD2"
"2598","CDH1","ENSG00000206380"
"2599","CDH1","LGALS4"
"2600","CDH1","ATP2A3"
"2601","CDH1","ENSG00000206271"
"2602","CDH1","EPCAM"
"2603","CDH1","CFTR"
"2604","CDH1","MS4A5"
"2605","CDH1","MUC13"
"2606","CDH1","MUC2"
"2607","CDH1","IL1RAPL1"
"2608","CDH1","PLEKHA6"
"2609","CDH1","REPS1"
"2610","CDH1","RYK"
"2611","CDH1","WFS1"
"2612","CDH1","C6orf48"
"2613","CDH1","PSAP"
"2614","CDH1","SNX9"
"2615","CDH1","XPNPEP3"
"2616","CDH1","GNAI2"
"2617","CDH1","ADCY8"
"2618","CDH1","CTNNA1"
"2619","CDH1","HAX1"
"2620","CDH1","PTPRM"
"2621","CDH1","SH3BGRL2"
"2622","CDH1","CLTA"
"2623","CDH1","WSB1"
"2624","CDH1","VEZT"
"2625","CDH1","CLTCL1"
"2626","CDH1","CA9"
"2627","CDH1","CEP170"
"2628","RARS","ARG1"
"2629","RARS","NOS2"
"2630","RARS","LOXL1"
"2631","RARS","NOS3"
"2632","RARS","LOXL4"
"2633","RARS","LOXL2"
"2634","RARS","LOXL3"
"2635","RARS","PHB"
"2636","RARS","ARG2"
"2637","CANX","LRRC59"
"2638","CANX","TPM3"
"2639","CANX","TJP1"
"2640","CANX","CLCA1"
"2641","CANX","CLINT1"
"2642","CANX","GNA11"
"2643","CANX","EXO1"
"2644","CANX","TCEB2"
"2645","CANX","TPM3P4"
"2646","CANX","GRN"
"2647","CANX","APOB"
"2648","CANX","ENSG00000206380"
"2649","CANX","ENSG00000206271"
"2650","CANX","CFTR"
"2651","CANX","RYK"
"2652","CANX","WFS1"
"2653","CANX","C6orf48"
"2654","CANX","PSAP"
"2655","CANX","PEX1"
"2656","CANX","XPNPEP3"
"2657","CANX","GNAI2"
"2658","CANX","ADCY8"
"2659","CANX","HAX1"
"2660","CANX","PMP22"
"2661","CANX","WHSC1L1"
"2662","CANX","WSB1"
"2663","CANX","CLTCL1"
"2664","CANX","ABCC2"
"2665","LRRC59","FHL2"
"2666","LRRC59","PXN"
"2667","LRRC59","SLC3A2"
"2668","LRRC59","HSP90AB1"
"2669","LRRC59","EFNB1"
"2670","LRRC59","HIST1H1E"
"2671","LRRC59","BCAR3"
"2672","LRRC59","ATXN10"
"2673","LRRC59","CTNND1"
"2674","LRRC59","PEX19"
"2675","LRRC59","PKP2"
"2676","LRRC59","S100A11"
"2677","LRRC59","TBRG4"
"2678","LRRC59","TXN"
"2679","LRRC59","SLC25A5"
"2680","LRRC59","GNAI2"
"2681","LRRC59","CTNNA1"
"2682","LRRC59","TRIM29"
"2683","LRRC59","CKAP4"
"2684","FHL2","PXN"
"2685","FHL2","SLC3A2"
"2686","FHL2","HSP90AB1"
"2687","FHL2","EFNB1"
"2688","FHL2","HIST1H1E"
"2689","FHL2","BCAR3"
"2690","FHL2","ATXN10"
"2691","FHL2","CTNND1"
"2692","FHL2","PEX19"
"2693","FHL2","PKP2"
"2694","FHL2","S100A11"
"2695","FHL2","TBRG4"
"2696","FHL2","TXN"
"2697","FHL2","SLC25A5"
"2698","FHL2","SLC34A1"
"2699","FHL2","CTNNA1"
"2700","FHL2","TRIM29"
"2701","FHL2","CKAP4"
"2702","PXN","SLC3A2"
"2703","PXN","HSP90AB1"
"2704","PXN","EFNB1"
"2705","PXN","HIST1H1E"
"2706","PXN","BCAR3"
"2707","PXN","ATXN10"
"2708","PXN","CTNND1"
"2709","PXN","PEX19"
"2710","PXN","PKP2"
"2711","PXN","S100A11"
"2712","PXN","TBRG4"
"2713","PXN","TXN"
"2714","PXN","SLC25A5"
"2715","PXN","CAPRIN1"
"2716","PXN","EMD"
"2717","PXN","CTNNA1"
"2718","PXN","BANF1"
"2719","PXN","TRIM29"
"2720","PXN","CKAP4"
"2721","PXN","ARID3B"
"2722","PXN","COL6A2"
"2723","ICAM1","SLC3A2"
"2724","ICAM1","CAV2"
"2725","ICAM1","HOXC10"
"2726","ICAM1","ALCAM"
"2727","ICAM1","CLTA"
"2728","ICAM1","SLC7A8"
"2729","ICAM1","CLTCL1"
"2730","ICAM1","ATP1B1"
"2731","SLC3A2","CAV2"
"2732","SLC3A2","HSP90AB1"
"2733","SLC3A2","EFNB1"
"2734","SLC3A2","HIST1H1E"
"2735","SLC3A2","BCAR3"
"2736","SLC3A2","ATXN10"
"2737","SLC3A2","CTNND1"
"2738","SLC3A2","PEX19"
"2739","SLC3A2","PKP2"
"2740","SLC3A2","S100A11"
"2741","SLC3A2","TBRG4"
"2742","SLC3A2","TXN"
"2743","SLC3A2","SLC25A5"
"2744","SLC3A2","HOXC10"
"2745","SLC3A2","CTNNA1"
"2746","SLC3A2","ALCAM"
"2747","SLC3A2","CLTA"
"2748","SLC3A2","SLC7A8"
"2749","SLC3A2","TRIM29"
"2750","SLC3A2","CKAP4"
"2751","SLC3A2","CLTCL1"
"2752","SLC3A2","ATP1B1"
"2753","CAV2","MALL"
"2754","CAV2","HOXC10"
"2755","CAV2","ALCAM"
"2756","CAV2","CLTA"
"2757","CAV2","CLTCL1"
"2758","CAV2","ATP1B1"
"2759","DAB2","EPS8"
"2760","DAB2","TPM3"
"2761","DAB2","CLINT1"
"2762","DAB2","GNA11"
"2763","DAB2","AP1B1"
"2764","DAB2","TPM3P4"
"2765","DAB2","PLD2"
"2766","DAB2","LGALS4"
"2767","DAB2","ATP2A3"
"2768","DAB2","EPCAM"
"2769","DAB2","CFTR"
"2770","DAB2","MS4A5"
"2771","DAB2","MUC13"
"2772","DAB2","MUC2"
"2773","DAB2","IL1RAPL1"
"2774","DAB2","PLEKHA6"
"2775","DAB2","REPS1"
"2776","DAB2","SNX9"
"2777","DAB2","GNAI2"
"2778","DAB2","SH3BGRL2"
"2779","DAB2","CLTA"
"2780","DAB2","CEP170"
"2781","EPS8","TPM3"
"2782","EPS8","CLINT1"
"2783","EPS8","GNA11"
"2784","EPS8","AP1B1"
"2785","EPS8","TPM3P4"
"2786","EPS8","PLD2"
"2787","EPS8","LGALS4"
"2788","EPS8","ATP2A3"
"2789","EPS8","EPCAM"
"2790","EPS8","CFTR"
"2791","EPS8","MS4A5"
"2792","EPS8","MUC13"
"2793","EPS8","MUC2"
"2794","EPS8","IL1RAPL1"
"2795","EPS8","PLEKHA6"
"2796","EPS8","REPS1"
"2797","EPS8","SNX9"
"2798","EPS8","GNAI2"
"2799","EPS8","SH3BGRL2"
"2800","EPS8","CLTA"
"2801","EPS8","CEP170"
"2802","TPM3","TJP1"
"2803","TPM3","HSP90AB1"
"2804","TPM3","CLCA1"
"2805","TPM3","CLINT1"
"2806","TPM3","TCEB1"
"2807","TPM3","GNA11"
"2808","TPM3","EXO1"
"2809","TPM3","AP1B1"
"2810","TPM3","TCEB2"
"2811","TPM3","BCAR3"
"2812","TPM3","TPM3P4"
"2813","TPM3","GRN"
"2814","TPM3","PLD2"
"2815","TPM3","IARS2"
"2816","TPM3","MDH1"
"2817","TPM3","ENSG00000206380"
"2818","TPM3","LGALS4"
"2819","TPM3","ATP2A3"
"2820","TPM3","ENSG00000206271"
"2821","TPM3","EPCAM"
"2822","TPM3","FAT1"
"2823","TPM3","CFTR"
"2824","TPM3","MS4A5"
"2825","TPM3","MUC13"
"2826","TPM3","MUC2"
"2827","TPM3","IL1RAPL1"
"2828","TPM3","PLEKHA6"
"2829","TPM3","REPS1"
"2830","TPM3","RYK"
"2831","TPM3","WFS1"
"2832","TPM3","ATXN2L"
"2833","TPM3","CAPRIN1"
"2834","TPM3","C6orf48"
"2835","TPM3","EMD"
"2836","TPM3","THEM6"
"2837","TPM3","PSAP"
"2838","TPM3","SNX9"
"2839","TPM3","C12orf10"
"2840","TPM3","NANS"
"2841","TPM3","XPNPEP3"
"2842","TPM3","GNAI2"
"2843","TPM3","TMOD1"
"2844","TPM3","ADCY8"
"2845","TPM3","HAX1"
"2846","TPM3","HSPA2"
"2847","TPM3","S100A2"
"2848","TPM3","SH3BGRL2"
"2849","TPM3","CLTA"
"2850","TPM3","SLC9A3R2"
"2851","TPM3","WSB1"
"2852","TPM3","TFPT"
"2853","TPM3","TMOD2"
"2854","TPM3","CLTCL1"
"2855","TPM3","CEP170"
"2856","TJP1","CLCA1"
"2857","TJP1","CLINT1"
"2858","TJP1","GNA11"
"2859","TJP1","EXO1"
"2860","TJP1","TCEB2"
"2861","TJP1","TPM3P4"
"2862","TJP1","GRN"
"2863","TJP1","ENSG00000206380"
"2864","TJP1","ENSG00000206271"
"2865","TJP1","CFTR"
"2866","TJP1","RYK"
"2867","TJP1","WFS1"
"2868","TJP1","GJA1"
"2869","TJP1","CAPRIN1"
"2870","TJP1","C6orf48"
"2871","TJP1","PSAP"
"2872","TJP1","GJA3"
"2873","TJP1","GJA8"
"2874","TJP1","XPNPEP3"
"2875","TJP1","ADCY8"
"2876","TJP1","CTNNA1"
"2877","TJP1","HAX1"
"2878","TJP1","WSB1"
"2879","TJP1","GJC1"
"2880","TJP1","CLTCL1"
"2881","TJP1","CLDN7"
"2882","HSP90AB1","TCEB1"
"2883","HSP90AB1","EXO1"
"2884","HSP90AB1","TCEB2"
"2885","HSP90AB1","HSPA4"
"2886","HSP90AB1","CDY2A"
"2887","HSP90AB1","CDY2B"
"2888","HSP90AB1","CDYL"
"2889","HSP90AB1","ECI2"
"2890","HSP90AB1","EFNB1"
"2891","HSP90AB1","HIST1H1E"
"2892","HSP90AB1","BCAR3"
"2893","HSP90AB1","ATXN10"
"2894","HSP90AB1","CTNND1"
"2895","HSP90AB1","PEX19"
"2896","HSP90AB1","PKP2"
"2897","HSP90AB1","S100A11"
"2898","HSP90AB1","TBRG4"
"2899","HSP90AB1","TXN"
"2900","HSP90AB1","SLC25A5"
"2901","HSP90AB1","KSR1"
"2902","HSP90AB1","TPM3P4"
"2903","HSP90AB1","IARS2"
"2904","HSP90AB1","MDH1"
"2905","HSP90AB1","LGALS3"
"2906","HSP90AB1","ENSG00000206380"
"2907","HSP90AB1","LGALS4"
"2908","HSP90AB1","ENSG00000206271"
"2909","HSP90AB1","FAT1"
"2910","HSP90AB1","CFTR"
"2911","HSP90AB1","SFXN3"
"2912","HSP90AB1","ATXN2L"
"2913","HSP90AB1","CAPRIN1"
"2914","HSP90AB1","C6orf48"
"2915","HSP90AB1","EMD"
"2916","HSP90AB1","THEM6"
"2917","HSP90AB1","NOS3"
"2918","HSP90AB1","SLC34A1"
"2919","HSP90AB1","C12orf10"
"2920","HSP90AB1","NANS"
"2921","HSP90AB1","GNAI2"
"2922","HSP90AB1","PEX10"
"2923","HSP90AB1","PEX13"
"2924","HSP90AB1","PEX12"
"2925","HSP90AB1","PHB"
"2926","HSP90AB1","XPNPEP1"
"2927","HSP90AB1","DHRS2"
"2928","HSP90AB1","AQP3"
"2929","HSP90AB1","CTNNA1"
"2930","HSP90AB1","HSPA2"
"2931","HSP90AB1","COQ2"
"2932","HSP90AB1","SLC29A3"
"2933","HSP90AB1","SLC7A9"
"2934","HSP90AB1","SLC9A3R2"
"2935","HSP90AB1","C1orf123"
"2936","HSP90AB1","TRIM29"
"2937","HSP90AB1","TSSK6"
"2938","HSP90AB1","FIG4"
"2939","HSP90AB1","VPS4A"
"2940","HSP90AB1","FAM120A"
"2941","HSP90AB1","BOLA2"
"2942","HSP90AB1","XRCC6BP1"
"2943","HSP90AB1","ZDHHC15"
"2944","HSP90AB1","CKAP4"
"2945","HSP90AB1","BOLA2B"
"2946","TBC1D25","PSAP"
"2947","TBC1D25","PHTF2"
"2948","TBC1D10A","SLC9A3R2"
"2949","KBTBD3","ARMC10"
"2950","KCNJ1","SLC9A3R2"
"2951","CLCA1","CLINT1"
"2952","CLCA1","GNA11"
"2953","CLCA1","EXO1"
"2954","CLCA1","TCEB2"
"2955","CLCA1","TPM3P4"
"2956","CLCA1","GRN"
"2957","CLCA1","ENSG00000206380"
"2958","CLCA1","ENSG00000206271"
"2959","CLCA1","CFTR"
"2960","CLCA1","RYK"
"2961","CLCA1","WFS1"
"2962","CLCA1","C6orf48"
"2963","CLCA1","PSAP"
"2964","CLCA1","XPNPEP3"
"2965","CLCA1","ADCY8"
"2966","CLCA1","HAX1"
"2967","CLCA1","WSB1"
"2968","CLCA1","CLTCL1"
"2969","CLINT1","GNA11"
"2970","CLINT1","EXO1"
"2971","CLINT1","AP1B1"
"2972","CLINT1","TCEB2"
"2973","CLINT1","TPM3P4"
"2974","CLINT1","GRN"
"2975","CLINT1","PLD2"
"2976","CLINT1","ENSG00000206380"
"2977","CLINT1","LGALS4"
"2978","CLINT1","ATP2A3"
"2979","CLINT1","ENSG00000206271"
"2980","CLINT1","EPCAM"
"2981","CLINT1","CFTR"
"2982","CLINT1","MS4A5"
"2983","CLINT1","MUC13"
"2984","CLINT1","MUC2"
"2985","CLINT1","IL1RAPL1"
"2986","CLINT1","PLEKHA6"
"2987","CLINT1","REPS1"
"2988","CLINT1","RYK"
"2989","CLINT1","WFS1"
"2990","CLINT1","C6orf48"
"2991","CLINT1","PSAP"
"2992","CLINT1","SNX9"
"2993","CLINT1","XPNPEP3"
"2994","CLINT1","GNAI2"
"2995","CLINT1","ADCY8"
"2996","CLINT1","HAX1"
"2997","CLINT1","SH3BGRL2"
"2998","CLINT1","CLTA"
"2999","CLINT1","WSB1"
"3000","CLINT1","CLTCL1"
"3001","CLINT1","CEP170"
"3002","TCEB1","TCEB2"
"3003","TCEB1","TPM3P4"
"3004","TCEB1","ENSG00000206380"
"3005","TCEB1","ENSG00000206271"
"3006","TCEB1","CFTR"
"3007","TCEB1","ATXN2L"
"3008","TCEB1","CAPRIN1"
"3009","TCEB1","C6orf48"
"3010","TCEB1","EMD"
"3011","TCEB1","THEM6"
"3012","TCEB1","LRRC41"
"3013","TCEB1","RAB40C"
"3014","TCEB1","HSPA2"
"3015","TCEB1","SLC9A3R2"
"3016","TCEB1","WSB1"
"3017","TCEB1","ASB8"
"3018","GNA11","EXO1"
"3019","GNA11","AP1B1"
"3020","GNA11","TCEB2"
"3021","GNA11","TPM3P4"
"3022","GNA11","GRN"
"3023","GNA11","PLD2"
"3024","GNA11","ENSG00000206380"
"3025","GNA11","LGALS4"
"3026","GNA11","ATP2A3"
"3027","GNA11","ENSG00000206271"
"3028","GNA11","EPCAM"
"3029","GNA11","CFTR"
"3030","GNA11","MS4A5"
"3031","GNA11","MUC13"
"3032","GNA11","MUC2"
"3033","GNA11","IL1RAPL1"
"3034","GNA11","PLEKHA6"
"3035","GNA11","REPS1"
"3036","GNA11","RYK"
"3037","GNA11","WFS1"
"3038","GNA11","C6orf48"
"3039","GNA11","PSAP"
"3040","GNA11","SNX9"
"3041","GNA11","XPNPEP3"
"3042","GNA11","GNAI2"
"3043","GNA11","ADCY8"
"3044","GNA11","HAX1"
"3045","GNA11","SH3BGRL2"
"3046","GNA11","CLTA"
"3047","GNA11","WSB1"
"3048","GNA11","CLTCL1"
"3049","GNA11","ADORA3"
"3050","GNA11","CEP170"
"3051","EXO1","TCEB2"
"3052","EXO1","TPM3P4"
"3053","EXO1","GRN"
"3054","EXO1","ENSG00000206380"
"3055","EXO1","ENSG00000206271"
"3056","EXO1","CFTR"
"3057","EXO1","RYK"
"3058","EXO1","WFS1"
"3059","EXO1","C6orf48"
"3060","EXO1","PSAP"
"3061","EXO1","XPNPEP3"
"3062","EXO1","ADCY8"
"3063","EXO1","HAX1"
"3064","EXO1","WSB1"
"3065","EXO1","CLTCL1"
"3066","AP1B1","TPM3P4"
"3067","AP1B1","PLD2"
"3068","AP1B1","LGALS4"
"3069","AP1B1","ATP2A3"
"3070","AP1B1","EPCAM"
"3071","AP1B1","CFTR"
"3072","AP1B1","MS4A5"
"3073","AP1B1","MUC13"
"3074","AP1B1","MUC2"
"3075","AP1B1","IL1RAPL1"
"3076","AP1B1","PLEKHA6"
"3077","AP1B1","REPS1"
"3078","AP1B1","SNX9"
"3079","AP1B1","GNAI2"
"3080","AP1B1","SH3BGRL2"
"3081","AP1B1","CLTA"
"3082","AP1B1","CEP170"
"3083","RAPGEF5","EPCAM"
"3084","TCEB2","TPM3P4"
"3085","TCEB2","GRN"
"3086","TCEB2","LGALS3"
"3087","TCEB2","ENSG00000206380"
"3088","TCEB2","ENSG00000206271"
"3089","TCEB2","CFTR"
"3090","TCEB2","RYK"
"3091","TCEB2","WFS1"
"3092","TCEB2","C6orf48"
"3093","TCEB2","THEM6"
"3094","TCEB2","LRRC41"
"3095","TCEB2","PSAP"
"3096","TCEB2","XPNPEP3"
"3097","TCEB2","ADCY8"
"3098","TCEB2","HAX1"
"3099","TCEB2","HSPA2"
"3100","TCEB2","WSB1"
"3101","TCEB2","CLTCL1"
"3102","TCEB2","ASB8"
"3103","PPP1R15A","PPP1R1A"
"3104","HSPA4","MOS"
"3105","HSPA4","HSPBP1"
"3106","HSPA4","TTC1"
"3107","HSPA4","HSPA2"
"3108","HSPA4","ENSG00000215702"
"3109","HSPA4","BAG4"
"3110","HSPA4","DNAJC3"
"3111","ARG1","NOS2"
"3112","ARG1","LOXL1"
"3113","ARG1","NOS3"
"3114","ARG1","LOXL4"
"3115","ARG1","LOXL2"
"3116","ARG1","LOXL3"
"3117","ARG1","FLOT1"
"3118","ARG1","ENSG00000206480"
"3119","ARG1","ARG2"
"3120","ARG1","ABHD14A-ACY1"
"3121","ARG1","ENSG00000206379"
"3122","CDY2A","CDY2B"
"3123","CDY2A","CDYL"
"3124","CDY2A","ECI2"
"3125","CDY2A","PEX14"
"3126","CDY2A","PEX5"
"3127","CDY2B","CDYL"
"3128","CDY2B","ECI2"
"3129","CDY2B","PEX14"
"3130","CDY2B","PEX5"
"3131","CDYL","ECI2"
"3132","CDYL","DHRS7"
"3133","CDYL","DHX36"
"3134","CDYL","PRR5"
"3135","CDYL","WIZ"
"3136","CDYL","PEX14"
"3137","CDYL","PEX5"
"3138","ECI2","PEX14"
"3139","ECI2","PEX5"
"3140","EFNB1","HIST1H1E"
"3141","EFNB1","BCAR3"
"3142","EFNB1","ATXN10"
"3143","EFNB1","CTNND1"
"3144","EFNB1","PEX19"
"3145","EFNB1","PKP2"
"3146","EFNB1","S100A11"
"3147","EFNB1","TBRG4"
"3148","EFNB1","TXN"
"3149","EFNB1","SLC25A5"
"3150","EFNB1","GJA1"
"3151","EFNB1","CTNNA1"
"3152","EFNB1","TRIM29"
"3153","EFNB1","CKAP4"
"3154","HIST1H1E","BCAR3"
"3155","HIST1H1E","ATXN10"
"3156","HIST1H1E","CTNND1"
"3157","HIST1H1E","PEX19"
"3158","HIST1H1E","PKP2"
"3159","HIST1H1E","S100A11"
"3160","HIST1H1E","TBRG4"
"3161","HIST1H1E","TXN"
"3162","HIST1H1E","SLC25A5"
"3163","HIST1H1E","CTNNA1"
"3164","HIST1H1E","TRIM29"
"3165","HIST1H1E","CKAP4"
"3166","ACADVL","PEX19"
"3167","ACADVL","CTNNA1"
"3168","BCAR3","ATXN10"
"3169","BCAR3","CTNND1"
"3170","BCAR3","PEX19"
"3171","BCAR3","PKP2"
"3172","BCAR3","S100A11"
"3173","BCAR3","TBRG4"
"3174","BCAR3","TXN"
"3175","BCAR3","SLC25A5"
"3176","BCAR3","TPM3P4"
"3177","BCAR3","NOSIP"
"3178","BCAR3","CTNNA1"
"3179","BCAR3","TRIM29"
"3180","BCAR3","CKAP4"
"3181","ATXN10","CTNND1"
"3182","ATXN10","PEX19"
"3183","ATXN10","PKP2"
"3184","ATXN10","S100A11"
"3185","ATXN10","TBRG4"
"3186","ATXN10","TXN"
"3187","ATXN10","SLC25A5"
"3188","ATXN10","STYXL1"
"3189","ATXN10","CTNNA1"
"3190","ATXN10","TRIM29"
"3191","ATXN10","CKAP4"
"3192","CTNND1","PEX19"
"3193","CTNND1","PKP2"
"3194","CTNND1","S100A11"
"3195","CTNND1","TBRG4"
"3196","CTNND1","TXN"
"3197","CTNND1","SLC25A5"
"3198","CTNND1","CTNNA1"
"3199","CTNND1","PTPRM"
"3200","CTNND1","TRIM29"
"3201","CTNND1","CKAP4"
"3202","PEX19","PKP2"
"3203","PEX19","S100A11"
"3204","PEX19","TBRG4"
"3205","PEX19","TXN"
"3206","PEX19","SLC25A5"
"3207","PEX19","SLC34A1"
"3208","PEX19","PEX10"
"3209","PEX19","PEX13"
"3210","PEX19","PEX14"
"3211","PEX19","PEX2"
"3212","PEX19","PEX12"
"3213","PEX19","PEX3"
"3214","PEX19","PEX16"
"3215","PEX19","CLCN3"
"3216","PEX19","PEX26"
"3217","PEX19","CTNNA1"
"3218","PEX19","PMP22"
"3219","PEX19","TRIM29"
"3220","PEX19","CKAP4"
"3221","PKP2","S100A11"
"3222","PKP2","TBRG4"
"3223","PKP2","TXN"
"3224","PKP2","SLC25A5"
"3225","PKP2","CTNNA1"
"3226","PKP2","TRIM29"
"3227","PKP2","CKAP4"
"3228","S100A11","TBRG4"
"3229","S100A11","TXN"
"3230","S100A11","SLC25A5"
"3231","S100A11","CTNNA1"
"3232","S100A11","TRIM29"
"3233","S100A11","CKAP4"
"3234","TBRG4","TXN"
"3235","TBRG4","SLC25A5"
"3236","TBRG4","CTNNA1"
"3237","TBRG4","MTMR4"
"3238","TBRG4","TRIM29"
"3239","TBRG4","CKAP4"
"3240","TXN","SLC25A5"
"3241","TXN","CTNNA1"
"3242","TXN","TRIM29"
"3243","TXN","CKAP4"
"3244","DHRS7","DHX36"
"3245","DHRS7","PRR5"
"3246","DHRS7","WIZ"
"3247","DHRS7","CYP24A1"
"3248","DHRS7","CYP8B1"
"3249","DHRS7","CYP26B1"
"3250","DHRS7","CYP26A1"
"3251","DHRS7","CYP46A1"
"3252","DHX36","PRR5"
"3253","DHX36","WIZ"
"3254","PRR5","WIZ"
"3255","PRR5","OTUD4"
"3256","EIF4E2","PARN"
"3257","EIF4E2","EIF4EBP1"
"3258","EIF4E2","PABPC4"
"3259","EIF4E2","HSPA2"
"3260","SLC25A5","CTNNA1"
"3261","SLC25A5","GLIPR2"
"3262","SLC25A5","TRIM29"
"3263","SLC25A5","CKAP4"
"3264","PHLDA1","PABPC4"
"3265","TPM3P4","GRN"
"3266","TPM3P4","PLD2"
"3267","TPM3P4","IARS2"
"3268","TPM3P4","MDH1"
"3269","TPM3P4","ENSG00000206380"
"3270","TPM3P4","LGALS4"
"3271","TPM3P4","ATP2A3"
"3272","TPM3P4","ENSG00000206271"
"3273","TPM3P4","EPCAM"
"3274","TPM3P4","CFTR"
"3275","TPM3P4","MS4A5"
"3276","TPM3P4","MUC13"
"3277","TPM3P4","MUC2"
"3278","TPM3P4","IL1RAPL1"
"3279","TPM3P4","PLEKHA6"
"3280","TPM3P4","REPS1"
"3281","TPM3P4","RYK"
"3282","TPM3P4","WFS1"
"3283","TPM3P4","ATXN2L"
"3284","TPM3P4","CAPRIN1"
"3285","TPM3P4","C6orf48"
"3286","TPM3P4","EMD"
"3287","TPM3P4","THEM6"
"3288","TPM3P4","PSAP"
"3289","TPM3P4","SNX9"
"3290","TPM3P4","C12orf10"
"3291","TPM3P4","NANS"
"3292","TPM3P4","XPNPEP3"
"3293","TPM3P4","GNAI2"
"3294","TPM3P4","TMOD1"
"3295","TPM3P4","ADCY8"
"3296","TPM3P4","HAX1"
"3297","TPM3P4","HSPA2"
"3298","TPM3P4","S100A2"
"3299","TPM3P4","SH3BGRL2"
"3300","TPM3P4","CLTA"
"3301","TPM3P4","SLC9A3R2"
"3302","TPM3P4","WSB1"
"3303","TPM3P4","TFPT"
"3304","TPM3P4","TMOD2"
"3305","TPM3P4","CLTCL1"
"3306","TPM3P4","CEP170"
"3307","LAIR1","EPCAM"
"3308","CRYAB","NOS2"
"3309","CRYAB","GJA1"
"3310","CRYAB","NOS3"
"3311","CRYAB","PTGS2"
"3312","CRYAB","CRYAA"
"3313","CRYAB","PHB"
"3314","CRYAB","DES"
"3315","CRYAB","HSPB8"
"3316","CRYAB","HSPB6"
"3317","CRYAB","CRYGC"
"3318","CRYAB","CRYBB2P1"
"3319","CRYAB","CRYBA1"
"3320","GRN","ENSG00000206380"
"3321","GRN","ENSG00000206271"
"3322","GRN","CFTR"
"3323","GRN","RYK"
"3324","GRN","WFS1"
"3325","GRN","C6orf48"
"3326","GRN","PSAP"
"3327","GRN","XPNPEP3"
"3328","GRN","ADCY8"
"3329","GRN","HAX1"
"3330","GRN","WSB1"
"3331","GRN","CLTCL1"
"3332","NOS2","GJA1"
"3333","NOS2","LOXL1"
"3334","NOS2","NOS3"
"3335","NOS2","LOXL4"
"3336","NOS2","LOXL2"
"3337","NOS2","LOXL3"
"3338","NOS2","PTGS2"
"3339","NOS2","PHB"
"3340","NOS2","ARG2"
"3341","NOS2","DES"
"3342","PLD2","LGALS4"
"3343","PLD2","ATP2A3"
"3344","PLD2","EPCAM"
"3345","PLD2","CFTR"
"3346","PLD2","MS4A5"
"3347","PLD2","MUC13"
"3348","PLD2","MUC2"
"3349","PLD2","IL1RAPL1"
"3350","PLD2","PLEKHA6"
"3351","PLD2","REPS1"
"3352","PLD2","SNX9"
"3353","PLD2","GNAI2"
"3354","PLD2","AQP3"
"3355","PLD2","SH3BGRL2"
"3356","PLD2","CLTA"
"3357","PLD2","GM2A"
"3358","PLD2","CEP170"
"3359","IARS2","MDH1"
"3360","IARS2","C12orf10"
"3361","IARS2","NANS"
"3362","IARS2","GNAI2"
"3363","MDH1","C12orf10"
"3364","MDH1","NANS"
"3365","MDH1","GNAI2"
"3366","LGALS3","ENSG00000206380"
"3367","LGALS3","ENSG00000206271"
"3368","LGALS3","CFTR"
"3369","LGALS3","C6orf48"
"3370","LGALS3","THEM6"
"3371","LGALS3","HSPA2"
"3372","ENSG00000206380","CFTR"
"3373","ENSG00000206380","RYK"
"3374","ENSG00000206380","WFS1"
"3375","ENSG00000206380","ATXN2L"
"3376","ENSG00000206380","CAPRIN1"
"3377","ENSG00000206380","EMD"
"3378","ENSG00000206380","THEM6"
"3379","ENSG00000206380","PSAP"
"3380","ENSG00000206380","XPNPEP3"
"3381","ENSG00000206380","ADCY8"
"3382","ENSG00000206380","HAX1"
"3383","ENSG00000206380","HSPA2"
"3384","ENSG00000206380","SLC9A3R2"
"3385","ENSG00000206380","WSB1"
"3386","ENSG00000206380","CLTCL1"
"3387","LGALS4","ATP2A3"
"3388","LGALS4","EPCAM"
"3389","LGALS4","FAT1"
"3390","LGALS4","CFTR"
"3391","LGALS4","MS4A5"
"3392","LGALS4","MUC13"
"3393","LGALS4","MUC2"
"3394","LGALS4","IL1RAPL1"
"3395","LGALS4","SFXN3"
"3396","LGALS4","PLEKHA6"
"3397","LGALS4","REPS1"
"3398","LGALS4","SNX9"
"3399","LGALS4","GNAI2"
"3400","LGALS4","SH3BGRL2"
"3401","LGALS4","CLTA"
"3402","LGALS4","VPS4A"
"3403","LGALS4","FAM120A"
"3404","LGALS4","CEP170"
"3405","ATP2A3","EPCAM"
"3406","ATP2A3","CFTR"
"3407","ATP2A3","MS4A5"
"3408","ATP2A3","MUC13"
"3409","ATP2A3","MUC2"
"3410","ATP2A3","IL1RAPL1"
"3411","ATP2A3","PLEKHA6"
"3412","ATP2A3","REPS1"
"3413","ATP2A3","SNX9"
"3414","ATP2A3","GNAI2"
"3415","ATP2A3","SH3BGRL2"
"3416","ATP2A3","CLTA"
"3417","ATP2A3","CEP170"
"3418","ENSG00000206271","CFTR"
"3419","ENSG00000206271","RYK"
"3420","ENSG00000206271","WFS1"
"3421","ENSG00000206271","ATXN2L"
"3422","ENSG00000206271","CAPRIN1"
"3423","ENSG00000206271","EMD"
"3424","ENSG00000206271","THEM6"
"3425","ENSG00000206271","PSAP"
"3426","ENSG00000206271","XPNPEP3"
"3427","ENSG00000206271","ADCY8"
"3428","ENSG00000206271","HAX1"
"3429","ENSG00000206271","HSPA2"
"3430","ENSG00000206271","SLC9A3R2"
"3431","ENSG00000206271","WSB1"
"3432","ENSG00000206271","CLTCL1"
"3433","EPCAM","CFTR"
"3434","EPCAM","MS4A5"
"3435","EPCAM","MUC13"
"3436","EPCAM","MUC2"
"3437","EPCAM","IL1RAPL1"
"3438","EPCAM","PLEKHA6"
"3439","EPCAM","REPS1"
"3440","EPCAM","SNX9"
"3441","EPCAM","GNAI2"
"3442","EPCAM","SH3BGRL2"
"3443","EPCAM","CLTA"
"3444","EPCAM","SLC15A1"
"3445","EPCAM","TSPAN8"
"3446","EPCAM","ATP1B1"
"3447","EPCAM","CEP170"
"3448","EPCAM","CLDN7"
"3449","FAT1","CFTR"
"3450","FAT1","SFXN3"
"3451","FAT1","VPS4A"
"3452","FAT1","FAM120A"
"3453","CFTR","MS4A5"
"3454","CFTR","MUC13"
"3455","CFTR","MUC2"
"3456","CFTR","IL1RAPL1"
"3457","CFTR","SFXN3"
"3458","CFTR","PLEKHA6"
"3459","CFTR","REPS1"
"3460","CFTR","RYK"
"3461","CFTR","WFS1"
"3462","CFTR","ATXN2L"
"3463","CFTR","CAPRIN1"
"3464","CFTR","C6orf48"
"3465","CFTR","EMD"
"3466","CFTR","THEM6"
"3467","CFTR","PSAP"
"3468","CFTR","SNX9"
"3469","CFTR","XPNPEP3"
"3470","CFTR","GNAI2"
"3471","CFTR","ADCY8"
"3472","CFTR","PDZK1"
"3473","CFTR","CLCN3"
"3474","CFTR","HAX1"
"3475","CFTR","HSPA2"
"3476","CFTR","SH3BGRL2"
"3477","CFTR","CLTA"
"3478","CFTR","SLC9A3R2"
"3479","CFTR","WSB1"
"3480","CFTR","TMEM43"
"3481","CFTR","VPS4A"
"3482","CFTR","FAM120A"
"3483","CFTR","CLTCL1"
"3484","CFTR","CEP170"
"3485","MS4A5","MUC13"
"3486","MS4A5","MUC2"
"3487","MS4A5","IL1RAPL1"
"3488","MS4A5","PLEKHA6"
"3489","MS4A5","REPS1"
"3490","MS4A5","SNX9"
"3491","MS4A5","GNAI2"
"3492","MS4A5","SH3BGRL2"
"3493","MS4A5","CLTA"
"3494","MS4A5","CEP170"
"3495","MUC13","MUC2"
"3496","MUC13","IL1RAPL1"
"3497","MUC13","PLEKHA6"
"3498","MUC13","REPS1"
"3499","MUC13","SNX9"
"3500","MUC13","GNAI2"
"3501","MUC13","SH3BGRL2"
"3502","MUC13","CLTA"
"3503","MUC13","CEP170"
"3504","MUC2","IL1RAPL1"
"3505","MUC2","PLEKHA6"
"3506","MUC2","REPS1"
"3507","MUC2","SNX9"
"3508","MUC2","GNAI2"
"3509","MUC2","SH3BGRL2"
"3510","MUC2","CLTA"
"3511","MUC2","CEP170"
"3512","IL1RAPL1","PLEKHA6"
"3513","IL1RAPL1","REPS1"
"3514","IL1RAPL1","SNX9"
"3515","IL1RAPL1","GNAI2"
"3516","IL1RAPL1","SH3BGRL2"
"3517","IL1RAPL1","CLTA"
"3518","IL1RAPL1","CEP170"
"3519","SFXN3","VPS4A"
"3520","SFXN3","FAM120A"
"3521","PLEKHA6","REPS1"
"3522","PLEKHA6","SNX9"
"3523","PLEKHA6","GNAI2"
"3524","PLEKHA6","SH3BGRL2"
"3525","PLEKHA6","CLTA"
"3526","PLEKHA6","CEP170"
"3527","REPS1","SNX9"
"3528","REPS1","GNAI2"
"3529","REPS1","RAB11FIP2"
"3530","REPS1","ENSG00000215702"
"3531","REPS1","SH3BGRL2"
"3532","REPS1","CLTA"
"3533","REPS1","CEP170"
"3534","RYK","WFS1"
"3535","RYK","C6orf48"
"3536","RYK","PSAP"
"3537","RYK","XPNPEP3"
"3538","RYK","ADCY8"
"3539","RYK","HAX1"
"3540","RYK","WSB1"
"3541","RYK","CLTCL1"
"3542","WFS1","C6orf48"
"3543","WFS1","PSAP"
"3544","WFS1","XPNPEP3"
"3545","WFS1","ADCY8"
"3546","WFS1","HAX1"
"3547","WFS1","WSB1"
"3548","WFS1","CLTCL1"
"3549","GJA1","NOS3"
"3550","GJA1","PTGS2"
"3551","GJA1","GJA3"
"3552","GJA1","PHB"
"3553","GJA1","DES"
"3554","ACD","TERF2IP"
"3555","ACD","TERF1"
"3556","ACD","TINF2"
"3557","ACD","POT1"
"3558","ACD","TERF2"
"3559","ATXN2L","CAPRIN1"
"3560","ATXN2L","C6orf48"
"3561","ATXN2L","EMD"
"3562","ATXN2L","THEM6"
"3563","ATXN2L","HSPA2"
"3564","ATXN2L","SLC9A3R2"
"3565","CAPRIN1","C6orf48"
"3566","CAPRIN1","EMD"
"3567","CAPRIN1","THEM6"
"3568","CAPRIN1","HSPA2"
"3569","CAPRIN1","SLC9A3R2"
"3570","C6orf48","EMD"
"3571","C6orf48","THEM6"
"3572","C6orf48","PSAP"
"3573","C6orf48","XPNPEP3"
"3574","C6orf48","ADCY8"
"3575","C6orf48","HAX1"
"3576","C6orf48","HSPA2"
"3577","C6orf48","SLC9A3R2"
"3578","C6orf48","WSB1"
"3579","C6orf48","CLTCL1"
"3580","EMD","THEM6"
"3581","EMD","HSPA2"
"3582","EMD","BANF1"
"3583","EMD","SLC9A3R2"
"3584","THEM6","HSPA2"
"3585","THEM6","SLC9A3R2"
"3586","LOXL1","NOS3"
"3587","LOXL1","ARG2"
"3588","NOS3","LOXL4"
"3589","NOS3","LOXL2"
"3590","NOS3","LOXL3"
"3591","NOS3","PTGS2"
"3592","NOS3","PHB"
"3593","NOS3","ARG2"
"3594","NOS3","DES"
"3595","LOXL4","ARG2"
"3596","LOXL2","ARG2"
"3597","LOXL3","ARG2"
"3598","HSPBP1","HSPA2"
"3599","LRRC41","WSB1"
"3600","PSAP","XPNPEP3"
"3601","PSAP","ADCY8"
"3602","PSAP","HAX1"
"3603","PSAP","ENSG00000214257"
"3604","PSAP","WSB1"
"3605","PSAP","CLTCL1"
"3606","PRKRIP1","EIF2AK2"
"3607","PTGS2","PHB"
"3608","PTGS2","DES"
"3609","BAG3","HSPB8"
"3610","MAST2","SLC34A1"
"3611","MAST2","SLC9A3"
"3612","MAST2","SLC17A1"
"3613","SLC34A1","PDZK1"
"3614","SLC34A1","PDZD3"
"3615","SLC34A1","SLC9A3R2"
"3616","SLC9A3","PDZK1"
"3617","SLC9A3","SLC9A3R2"
"3618","SLC17A1","PDZK1"
"3619","SLC17A1","PDZD3"
"3620","MDC1","TERF2IP"
"3621","MDC1","TINF2"
"3622","MDC1","TERF2"
"3623","TERF2IP","TERF1"
"3624","TERF2IP","ENSG00000206385"
"3625","TERF2IP","TINF2"
"3626","TERF2IP","POT1"
"3627","TERF2IP","TERF2"
"3628","PEX6","PEX1"
"3629","PEX6","PEX10"
"3630","PEX6","PEX13"
"3631","PEX6","PEX14"
"3632","PEX6","PEX26"
"3633","PEX6","PEX5"
"3634","PEX1","PEX10"
"3635","PEX1","PEX13"
"3636","PEX1","PEX14"
"3637","PEX1","PEX26"
"3638","PEX1","PEX5"
"3639","MIP","GJA3"
"3640","MIP","GJA8"
"3641","MIP","CRYAA"
"3642","CRYAA","CRYGC"
"3643","CRYAA","CRYBB2P1"
"3644","PARN","EIF4EBP1"
"3645","PARN","PABPC4"
"3646","PARN","HSPA2"
"3647","SNX9","MPPED2"
"3648","SNX9","GNAI2"
"3649","SNX9","TMOD1"
"3650","SNX9","SH3BGRL2"
"3651","SNX9","CLTA"
"3652","SNX9","CEP170"
"3653","FANCC","EIF2AK2"
"3654","HOXC10","ALCAM"
"3655","HOXC10","CLTA"
"3656","HOXC10","CLTCL1"
"3657","HOXC10","ATP1B1"
"3658","C12orf10","NANS"
"3659","C12orf10","GNAI2"
"3660","NANS","GNAI2"
"3661","XPNPEP3","ADCY8"
"3662","XPNPEP3","HAX1"
"3663","XPNPEP3","WSB1"
"3664","XPNPEP3","CLTCL1"
"3665","EIF4EBP1","PABPC4"
"3666","EIF4EBP1","HSPA2"
"3667","EIF4EBP1","CHTF8"
"3668","GNAI2","PHB"
"3669","GNAI2","TTC1"
"3670","GNAI2","NGB"
"3671","GNAI2","DHRS2"
"3672","GNAI2","SH3BGRL2"
"3673","GNAI2","CLTA"
"3674","GNAI2","ADORA3"
"3675","GNAI2","CEP170"
"3676","PEX7","PEX13"
"3677","PEX7","PEX14"
"3678","PEX7","PEX2"
"3679","PEX7","PEX5"
"3680","PEX7","CNOT10"
"3681","PEX10","PEX13"
"3682","PEX10","PEX14"
"3683","PEX10","PEX2"
"3684","PEX10","PEX12"
"3685","PEX10","PEX5"
"3686","PEX13","PEX14"
"3687","PEX13","PEX2"
"3688","PEX13","PEX12"
"3689","PEX13","PEX3"
"3690","PEX13","PEX5"
"3691","PEX14","PEX2"
"3692","PEX14","PEX12"
"3693","PEX14","PEX3"
"3694","PEX14","EXD2"
"3695","PEX14","PEX5"
"3696","PEX2","PEX12"
"3697","PEX2","PEX5"
"3698","PEX12","PEX5"
"3699","TERF1","TINF2"
"3700","TERF1","POT1"
"3701","TERF1","TERF2"
"3702","TERF1","TRIOBP"
"3703","ENSG00000206385","TINF2"
"3704","ENSG00000206385","TERF2"
"3705","PABPC4","SCRN3"
"3706","PABPC4","PAIP2"
"3707","PABPC4","HSPA2"
"3708","PHB","DES"
"3709","PHB","DHRS2"
"3710","PHB","XRCC6BP1"
"3711","TTC1","ABHD14A-ACY1"
"3712","NEB","STYXL1"
"3713","NEB","TMOD1"
"3714","NEB","DES"
"3715","EIF2AK2","PRKRIR"
"3716","EIF2AK2","DNAJC3"
"3717","NGB","FLOT1"
"3718","NGB","ENSG00000206480"
"3719","NGB","ENSG00000206379"
"3720","FLOT1","SESN1"
"3721","ENSG00000206480","SESN1"
"3722","PEX3","PEX16"
"3723","PEX3","PEX26"
"3724","PEX3","PEX5"
"3725","ARG2","ABHD14A-ACY1"
"3726","NPTX2","NPTX1"
"3727","NPTX2","CBX6"
"3728","NPTX1","CBX6"
"3729","P2RY1","SLC9A3R2"
"3730","ADCY8","HAX1"
"3731","ADCY8","WSB1"
"3732","ADCY8","CLTCL1"
"3733","XPNPEP1","CNOT10"
"3734","XPNPEP1","BOLA2"
"3735","XPNPEP1","BOLA2B"
"3736","PDZK1","CLCN3"
"3737","PDZK1","PEX5"
"3738","PDZD3","ABCC2"
"3739","PEX5","SIRT3"
"3740","CNOT10","CLN3"
"3741","CNOT10","FAM195A"
"3742","DES","SYNM"
"3743","DHRS2","CYP24A1"
"3744","DHRS2","CYP8B1"
"3745","DHRS2","CYP26B1"
"3746","DHRS2","CYP26A1"
"3747","DHRS2","CYP46A1"
"3748","CTNNA1","TRIM29"
"3749","CTNNA1","VEZT"
"3750","CTNNA1","CKAP4"
"3751","CTNNA1","CA9"
"3752","HAX1","WSB1"
"3753","HAX1","CLTCL1"
"3754","HAX1","ABCB1"
"3755","DHRS1","CYP24A1"
"3756","DHRS1","CYP8B1"
"3757","DHRS1","CYP26B1"
"3758","DHRS1","CYP26A1"
"3759","DHRS1","CYP46A1"
"3760","SESN1","ENSG00000206379"
"3761","HSPB8","HSPB6"
"3762","HSPA2","SLC9A3R2"
"3763","HSPA2","ZNF322"
"3764","ETFDH","DNLZ"
"3765","GLIPR2","SLC23A1"
"3766","TINF2","POT1"
"3767","TINF2","TERF2"
"3768","RUNDC3A","TFPT"
"3769","WHSC1L1","CRISPLD2"
"3770","ALCAM","CLTA"
"3771","ALCAM","CLTCL1"
"3772","ALCAM","ATP1B1"
"3773","SH3BGRL2","CLTA"
"3774","SH3BGRL2","CEP170"
"3775","CLTA","CLTCL1"
"3776","CLTA","ATP1B1"
"3777","CLTA","CEP170"
"3778","SLC15A1","ATP1B1"
"3779","SLC23A1","ATP6V1B1"
"3780","SLC26A3","SLC9A3R2"
"3781","SLC9A3R2","TMEM43"
"3782","WSB1","CLTCL1"
"3783","PRKRIR","DNAJC3"
"3784","CYP24A1","DHRS3"
"3785","CYP24A1","DHRSX"
"3786","TFPT","EAF2"
"3787","POT1","TERF2"
"3788","ENSG00000182490","TSKS"
"3789","ENSG00000182490","TSSK2"
"3790","ENSG00000182490","TSSK1B"
"3791","ENSG00000182490","ENSG00000164216"
"3792","TRIM29","JAKMIP2"
"3793","TRIM29","CKAP4"
"3794","TSKS","TSSK2"
"3795","TSSK2","TSSK1B"
"3796","TSSK2","ENSG00000164216"
"3797","CRHR2","UCN2"
"3798","VPS4A","FAM120A"
"3799","BOLA2","BOLA2B"
"3800","CYP8B1","DHRS3"
"3801","CYP8B1","DHRSX"
"3802","CLTCL1","ATP1B1"
"3803","CYP26B1","DHRS3"
"3804","CYP26B1","DHRSX"
"3805","CRYBA2","CRYBB2P1"
"3806","CRYBA2","CRYBB1"
"3807","CRYBA2","CRYBB3"
"3808","CRYGC","CRYBB2P1"
"3809","CRYBB2P1","CRYBA1"
"3810","CRYBB2P1","CRYBA4"
"3811","CRYBA1","CRYBB1"
"3812","CRYBA1","CRYBB3"
"3813","CRYBB1","CRYBA4"
"3814","CYP26A1","DHRS3"
"3815","CYP26A1","DHRSX"
"3816","DHRS3","CYP46A1"
"3817","DHRSX","CYP46A1"
"3818","GAL","GALR2"
